timestamp,value
2025-09-16T13:12:32,0.06402587890625
2025-09-16T13:15:10,-0.114105224609375
2025-09-16T13:19:41,-0.4816436767578125
2025-09-16T13:19:42,-0.4816436767578125
2025-09-16T13:19:43,-0.4816436767578125
2025-09-16T13:19:44,-0.4816436767578125
2025-09-16T13:19:45,-0.4816436767578125
2025-09-16T13:19:46,-0.4816436767578125
2025-09-16T13:19:47,-0.4816436767578125
2025-09-16T13:19:48,-0.4816436767578125
2025-09-16T13:19:49,-0.4816436767578125
2025-09-16T13:19:50,-0.4816436767578125
2025-09-16T13:19:51,-0.4816436767578125
2025-09-16T13:19:52,-0.4816436767578125
2025-09-16T13:19:53,-0.4816436767578125
2025-09-16T13:19:54,-0.4816436767578125
2025-09-16T13:19:55,-0.4816436767578125
2025-09-16T13:19:56,-0.4816436767578125
2025-09-16T13:19:57,-0.4816436767578125
2025-09-16T13:19:58,-0.4816436767578125
2025-09-16T13:19:59,-0.4816436767578125
2025-09-16T13:20:00,-0.4816436767578125
2025-09-16T13:20:01,-0.4816436767578125
2025-09-16T13:20:02,-0.4816436767578125
2025-09-16T13:20:03,-0.4816436767578125
2025-09-16T13:20:04,-0.4816436767578125
2025-09-16T13:20:05,-0.4816436767578125
2025-09-16T13:20:06,-0.4816436767578125
2025-09-16T13:20:07,-0.4816436767578125
2025-09-16T13:20:08,-0.4816436767578125
2025-09-16T13:20:09,-0.4816436767578125
2025-09-16T13:20:10,-0.4816436767578125
2025-09-16T13:20:11,-0.4816436767578125
2025-09-16T13:20:12,-0.4816436767578125
2025-09-16T13:20:13,-0.4816436767578125
2025-09-16T13:20:14,-0.4816436767578125
2025-09-16T13:20:15,-0.4816436767578125
2025-09-16T13:20:16,-0.4816436767578125
2025-09-16T13:20:17,-0.4816436767578125
2025-09-16T13:20:18,-0.4816436767578125
2025-09-16T13:20:19,-0.4816436767578125
2025-09-16T13:20:20,-0.4816436767578125
2025-09-16T13:20:21,-0.4816436767578125
2025-09-16T13:20:22,-0.4816436767578125
2025-09-16T13:26:53,-0.46221923828125
2025-09-16T13:26:54,-0.46221923828125
2025-09-16T13:26:55,-0.46221923828125
2025-09-16T13:26:56,-0.46221923828125
2025-09-16T13:26:57,-0.46221923828125
2025-09-16T13:26:58,-0.46221923828125
2025-09-16T13:26:59,-0.46221923828125
2025-09-16T13:27:00,-0.46221923828125
2025-09-16T13:27:01,-0.46221923828125
2025-09-16T13:27:02,-0.46221923828125
2025-09-16T13:27:03,-0.46221923828125
2025-09-16T13:27:04,-0.46221923828125
2025-09-16T13:27:05,-0.46221923828125
2025-09-16T13:27:06,-0.46221923828125
2025-09-16T13:27:07,-0.46221923828125
2025-09-16T13:27:08,-0.46221923828125
2025-09-16T13:27:09,-0.46221923828125
2025-09-16T13:27:10,-0.46221923828125
2025-09-16T13:27:11,-0.46221923828125
2025-09-16T13:27:12,-0.46221923828125
2025-09-16T13:27:13,-0.46221923828125
2025-09-16T13:27:14,-0.46221923828125
2025-09-16T13:27:15,-0.46221923828125
2025-09-16T13:27:16,-0.46221923828125
2025-09-16T13:27:17,-0.46221923828125
2025-09-16T13:27:18,-0.46221923828125
2025-09-16T13:27:19,-0.46221923828125
2025-09-16T13:27:20,-0.46221923828125
2025-09-16T13:27:21,-0.46221923828125
2025-09-16T13:27:22,-0.46221923828125
2025-09-16T13:27:23,-0.46221923828125
2025-09-16T13:27:24,-0.46221923828125
2025-09-16T13:27:25,-0.46221923828125
2025-09-16T13:27:26,-0.46221923828125
2025-09-16T13:32:11,-0.5005645751953125
2025-09-16T13:32:12,-0.5005645751953125
2025-09-16T13:32:13,-0.5005645751953125
2025-09-16T13:32:14,-0.5005645751953125
2025-09-16T13:32:15,-0.5005645751953125
2025-09-16T13:32:16,-0.5005645751953125
2025-09-16T13:32:17,-0.5005645751953125
2025-09-16T13:32:18,-0.5005645751953125
2025-09-16T13:32:19,-0.5005645751953125
2025-09-16T13:32:20,-0.5005645751953125
2025-09-16T13:32:21,-0.5005645751953125
2025-09-16T13:32:22,-0.5005645751953125
2025-09-16T13:32:23,-0.5005645751953125
2025-09-16T13:32:24,-0.5005645751953125
2025-09-16T13:32:25,-0.5005645751953125
2025-09-16T13:32:26,-0.5005645751953125
2025-09-16T13:32:27,-0.5005645751953125
2025-09-16T13:32:28,-0.5005645751953125
2025-09-16T13:32:29,-0.5005645751953125
2025-09-16T13:32:30,-0.5005645751953125
2025-09-16T13:32:31,-0.5005645751953125
2025-09-16T13:32:32,-0.5005645751953125
2025-09-16T13:32:33,-0.5005645751953125
2025-09-16T13:32:34,-0.5005645751953125
2025-09-16T13:32:35,-0.5005645751953125
2025-09-16T13:32:36,-0.5005645751953125
2025-09-16T13:32:37,-0.5005645751953125
2025-09-16T13:32:38,-0.5005645751953125
2025-09-16T13:32:39,-0.5005645751953125
2025-09-16T13:32:40,-0.5005645751953125
2025-09-16T13:32:41,-0.5005645751953125
2025-09-16T13:32:42,-0.5005645751953125
2025-09-16T13:32:43,-0.5005645751953125
2025-09-16T13:32:44,-0.5005645751953125
2025-09-16T13:32:45,-0.5005645751953125
2025-09-16T13:32:46,-0.5005645751953125
2025-09-16T13:32:47,-0.5005645751953125
2025-09-16T13:32:48,-0.5005645751953125
2025-09-16T13:32:49,-0.5005645751953125
2025-09-16T13:32:50,-0.5005645751953125
2025-09-16T13:32:51,-0.5005645751953125
2025-09-16T13:32:52,-0.5005645751953125
2025-09-16T13:32:53,-0.5005645751953125
2025-09-16T13:32:54,-0.5005645751953125
2025-09-16T13:32:55,-0.5005645751953125
2025-09-16T13:32:56,-0.5005645751953125
2025-09-16T13:32:57,-0.5005645751953125
2025-09-16T13:32:58,-0.5005645751953125
2025-09-16T13:32:59,-0.5005645751953125
2025-09-16T13:33:00,-0.5005645751953125
2025-09-16T13:33:01,-0.5005645751953125
2025-09-16T13:33:02,-0.5005645751953125
2025-09-16T13:33:03,-0.5005645751953125
2025-09-16T13:33:04,-0.5005645751953125
2025-09-16T13:33:05,-0.5005645751953125
2025-09-16T13:33:06,-0.5005645751953125
2025-09-16T13:33:07,-0.5005645751953125
2025-09-16T13:33:08,-0.5005645751953125
2025-09-16T13:33:09,-0.5005645751953125
2025-09-16T13:33:10,-0.5005645751953125
2025-09-16T13:33:11,-0.5005645751953125
2025-09-16T13:33:12,-0.5005645751953125
2025-09-16T13:33:13,-0.5005645751953125
2025-09-16T13:33:14,-0.5005645751953125
2025-09-16T13:33:15,-0.5005645751953125
2025-09-16T13:33:16,-0.5005645751953125
2025-09-16T13:33:17,-0.5005645751953125
2025-09-16T13:33:18,-0.5005645751953125
2025-09-16T13:33:19,-0.5005645751953125
2025-09-16T13:33:20,-0.5005645751953125
2025-09-16T13:33:21,-0.5005645751953125
2025-09-16T13:33:22,-0.5005645751953125
2025-09-16T13:33:23,-0.5005645751953125
2025-09-16T13:33:24,-0.5005645751953125
2025-09-16T13:33:25,-0.5005645751953125
2025-09-16T13:33:26,-0.5005645751953125
2025-09-16T13:33:27,-0.5005645751953125
2025-09-16T13:33:28,-0.5005645751953125
2025-09-16T13:33:29,-0.5005645751953125
2025-09-16T13:33:30,-0.5005645751953125
2025-09-16T13:33:31,-0.5005645751953125
2025-09-16T13:33:32,-0.5005645751953125
2025-09-16T13:33:33,-0.5005645751953125
2025-09-16T13:33:34,-0.5005645751953125
2025-09-16T13:33:35,-0.5005645751953125
2025-09-16T13:33:36,-0.5005645751953125
2025-09-16T13:33:37,-0.5005645751953125
2025-09-16T13:33:38,-0.5005645751953125
2025-09-16T13:33:39,-0.5005645751953125
2025-09-16T13:33:40,-0.5005645751953125
2025-09-16T13:33:41,-0.5005645751953125
2025-09-16T13:33:42,-0.5005645751953125
2025-09-16T13:33:47,-0.5005645751953125
2025-09-16T13:33:48,-0.5005645751953125
2025-09-16T13:33:49,-0.5005645751953125
2025-09-16T13:33:50,-0.5005645751953125
2025-09-16T13:33:51,-0.5005645751953125
2025-09-16T13:33:52,-0.5005645751953125
2025-09-16T13:33:53,-0.5005645751953125
2025-09-16T13:33:54,-0.5005645751953125
2025-09-16T13:33:55,-0.5005645751953125
2025-09-16T13:33:56,-0.5005645751953125
2025-09-16T13:33:57,-0.5005645751953125
2025-09-16T13:33:58,-0.5005645751953125
2025-09-16T13:33:59,-0.5005645751953125
2025-09-16T13:34:00,-0.5005645751953125
2025-09-16T13:34:01,-0.5005645751953125
2025-09-16T13:34:02,-0.5005645751953125
2025-09-16T13:34:03,-0.5005645751953125
2025-09-16T13:34:04,-0.5005645751953125
2025-09-16T13:34:05,-0.5005645751953125
2025-09-16T13:34:06,-0.5005645751953125
2025-09-16T13:34:07,-0.5005645751953125
2025-09-16T13:34:08,-0.5005645751953125
2025-09-16T13:34:09,-0.5005645751953125
2025-09-16T13:34:10,-0.5005645751953125
2025-09-16T13:34:11,-0.5005645751953125
2025-09-16T13:34:12,-0.5005645751953125
2025-09-16T13:34:13,-0.5005645751953125
2025-09-16T13:34:14,-0.5005645751953125
2025-09-16T13:34:15,-0.5005645751953125
2025-09-16T13:34:16,-0.5005645751953125
2025-09-16T13:34:17,-0.5005645751953125
2025-09-16T13:34:18,-0.5005645751953125
2025-09-16T13:34:19,-0.5005645751953125
2025-09-16T13:34:20,-0.5005645751953125
2025-09-16T13:34:21,-0.5005645751953125
2025-09-16T13:34:22,-0.5005645751953125
2025-09-16T13:34:23,-0.5005645751953125
2025-09-16T13:34:24,-0.5005645751953125
2025-09-16T13:34:25,-0.5005645751953125
2025-09-16T13:34:26,-0.5005645751953125
2025-09-16T13:34:27,-0.5005645751953125
2025-09-16T13:34:28,-0.5005645751953125
2025-09-16T13:34:29,-0.5005645751953125
2025-09-16T13:34:30,-0.5005645751953125
2025-09-16T13:34:31,-0.5005645751953125
2025-09-16T13:34:32,-0.5005645751953125
2025-09-16T13:34:33,-0.5005645751953125
2025-09-16T13:34:34,-0.5005645751953125
2025-09-16T13:34:35,-0.5005645751953125
2025-09-16T13:34:36,-0.5005645751953125
2025-09-16T13:34:37,-0.5005645751953125
2025-09-16T13:34:38,-0.5005645751953125
2025-09-16T13:34:39,-0.5005645751953125
2025-09-16T13:34:40,-0.5005645751953125
2025-09-16T13:34:41,-0.5005645751953125
2025-09-16T13:34:42,-0.5005645751953125
2025-09-16T13:34:43,-0.5005645751953125
2025-09-16T13:34:44,-0.5005645751953125
2025-09-16T13:34:45,-0.5005645751953125
2025-09-16T13:34:46,-0.5005645751953125
2025-09-16T13:34:47,-0.5005645751953125
2025-09-16T13:34:48,-0.5005645751953125
2025-09-16T13:34:49,-0.5005645751953125
2025-09-16T13:34:50,-0.5005645751953125
2025-09-16T13:34:51,-0.5005645751953125
2025-09-16T13:34:52,-0.5005645751953125
2025-09-16T13:34:53,-0.5005645751953125
2025-09-16T13:34:54,-0.5005645751953125
2025-09-16T13:34:55,-0.5005645751953125
2025-09-16T13:34:56,-0.5005645751953125
2025-09-16T13:34:57,-0.5005645751953125
2025-09-16T13:34:58,-0.5005645751953125
2025-09-16T13:34:59,-0.5005645751953125
2025-09-16T13:35:00,-0.5005645751953125
2025-09-16T13:35:01,-0.5005645751953125
2025-09-16T13:35:02,-0.5005645751953125
2025-09-16T13:35:03,-0.5005645751953125
2025-09-16T13:35:04,-0.5005645751953125
2025-09-16T13:35:05,-0.5005645751953125
2025-09-16T13:35:06,-0.5005645751953125
2025-09-16T13:35:07,-0.5005645751953125
2025-09-16T13:35:08,-0.5005645751953125
2025-09-16T13:35:09,-0.5005645751953125
2025-09-16T13:35:10,-0.5005645751953125
2025-09-16T13:35:11,-0.5005645751953125
2025-09-16T13:35:12,-0.5005645751953125
2025-09-16T13:35:13,-0.5005645751953125
2025-09-16T13:35:14,-0.5005645751953125
2025-09-16T13:35:15,-0.5005645751953125
2025-09-16T13:35:16,-0.5005645751953125
2025-09-16T13:35:17,-0.5005645751953125
2025-09-16T13:35:18,-0.5005645751953125
2025-09-16T13:35:19,-0.5005645751953125
2025-09-16T13:35:20,-0.5005645751953125
2025-09-16T13:35:21,-0.5005645751953125
2025-09-16T13:35:22,-0.5005645751953125
2025-09-16T13:35:23,-0.5005645751953125
2025-09-16T13:35:24,-0.5005645751953125
2025-09-16T13:35:25,-0.5005645751953125
2025-09-16T13:35:26,-0.5005645751953125
2025-09-16T13:35:27,-0.5005645751953125
2025-09-16T13:35:28,-0.5005645751953125
2025-09-16T13:35:29,-0.5005645751953125
2025-09-16T13:35:30,-0.5005645751953125
2025-09-16T13:35:31,-0.5005645751953125
2025-09-16T13:35:32,-0.5005645751953125
2025-09-16T13:35:33,-0.5005645751953125
2025-09-16T13:35:34,-0.5005645751953125
2025-09-16T13:35:35,-0.5005645751953125
2025-09-16T13:35:36,-0.5005645751953125
2025-09-16T13:35:37,-0.5005645751953125
2025-09-16T13:35:38,-0.5005645751953125
2025-09-16T13:35:39,-0.5005645751953125
2025-09-16T13:35:40,-0.5005645751953125
2025-09-16T13:35:41,-0.5005645751953125
2025-09-16T13:35:42,-0.5005645751953125
2025-09-16T13:35:43,-0.5005645751953125
2025-09-16T13:35:44,-0.5005645751953125
2025-09-16T13:35:45,-0.5005645751953125
2025-09-16T13:35:46,-0.5005645751953125
2025-09-16T13:35:47,-0.5005645751953125
2025-09-16T13:35:48,-0.5005645751953125
2025-09-16T13:35:49,-0.5005645751953125
2025-09-16T13:35:50,-0.5005645751953125
2025-09-16T13:35:51,-0.5005645751953125
2025-09-16T13:35:52,-0.5005645751953125
2025-09-16T13:35:53,-0.5005645751953125
2025-09-16T13:35:54,-0.5005645751953125
2025-09-16T13:35:55,-0.5005645751953125
2025-09-16T13:35:56,-0.5005645751953125
2025-09-16T13:35:57,-0.5005645751953125
2025-09-16T13:35:58,-0.5005645751953125
2025-09-16T13:35:59,-0.5005645751953125
2025-09-16T13:36:00,-0.5005645751953125
2025-09-16T13:36:01,-0.5005645751953125
2025-09-16T13:36:02,-0.5005645751953125
2025-09-16T13:36:03,-0.5005645751953125
2025-09-16T13:36:04,-0.5005645751953125
2025-09-16T13:36:05,-0.5005645751953125
2025-09-16T13:36:06,-0.5005645751953125
2025-09-16T13:36:07,-0.5005645751953125
2025-09-16T13:36:08,-0.5005645751953125
2025-09-16T13:36:09,-0.5005645751953125
2025-09-16T13:36:10,-0.5005645751953125
2025-09-16T13:36:11,-0.5005645751953125
2025-09-16T13:36:12,-0.5005645751953125
2025-09-16T13:36:13,-0.5005645751953125
2025-09-16T13:36:14,-0.5005645751953125
2025-09-16T13:36:15,-0.5005645751953125
2025-09-16T13:36:16,-0.5005645751953125
2025-09-16T13:36:17,-0.5005645751953125
2025-09-16T13:36:18,-0.5005645751953125
2025-09-16T13:36:19,-0.5005645751953125
2025-09-16T13:36:20,-0.5005645751953125
2025-09-16T13:36:21,-0.5005645751953125
2025-09-16T13:36:22,-0.5005645751953125
2025-09-16T13:36:23,-0.5005645751953125
2025-09-16T13:36:24,-0.5005645751953125
2025-09-16T13:36:25,-0.5005645751953125
2025-09-16T13:36:27,-0.5005645751953125
2025-09-16T13:36:28,-0.5005645751953125
2025-09-16T13:36:29,-0.5005645751953125
2025-09-16T13:36:30,-0.5005645751953125
2025-09-16T13:36:31,-0.5005645751953125
2025-09-16T13:36:32,-0.5005645751953125
2025-09-16T13:36:33,-0.5005645751953125
2025-09-16T13:36:34,-0.5005645751953125
2025-09-16T13:36:35,-0.5005645751953125
2025-09-16T13:36:36,-0.5005645751953125
2025-09-16T13:36:37,-0.5005645751953125
2025-09-16T13:36:38,-0.5005645751953125
2025-09-16T13:36:39,-0.5005645751953125
2025-09-16T13:36:40,-0.5005645751953125
2025-09-16T13:36:41,-0.5005645751953125
2025-09-16T13:36:42,-0.5005645751953125
2025-09-16T13:36:43,-0.5005645751953125
2025-09-16T13:36:44,-0.5005645751953125
2025-09-16T13:36:45,-0.5005645751953125
2025-09-16T13:36:46,-0.5005645751953125
2025-09-16T13:36:47,-0.5005645751953125
2025-09-16T13:36:48,-0.5005645751953125
2025-09-16T13:36:49,-0.5005645751953125
2025-09-16T13:36:50,-0.5005645751953125
2025-09-16T13:36:51,-0.5005645751953125
2025-09-16T13:36:52,-0.5005645751953125
2025-09-16T13:36:53,-0.5005645751953125
2025-09-16T13:36:54,-0.5005645751953125
2025-09-16T13:36:55,-0.5005645751953125
2025-09-16T13:36:56,-0.5005645751953125
2025-09-16T13:36:57,-0.5005645751953125
2025-09-16T13:36:58,-0.5005645751953125
2025-09-16T13:36:59,-0.5005645751953125
2025-09-16T13:37:00,-0.5005645751953125
2025-09-16T13:37:01,-0.5005645751953125
2025-09-16T13:37:02,-0.5005645751953125
2025-09-16T13:37:03,-0.5005645751953125
2025-09-16T13:37:04,-0.5005645751953125
2025-09-16T13:37:05,-0.5005645751953125
2025-09-16T13:37:06,-0.5005645751953125
2025-09-16T13:37:07,-0.5005645751953125
2025-09-16T13:37:08,-0.5005645751953125
2025-09-16T13:37:09,-0.5005645751953125
2025-09-16T13:37:10,-0.5005645751953125
2025-09-16T13:37:11,-0.5005645751953125
2025-09-16T13:37:12,-0.5005645751953125
2025-09-16T13:37:13,-0.5005645751953125
2025-09-16T13:37:14,-0.5005645751953125
2025-09-16T13:37:15,-0.5005645751953125
2025-09-16T13:37:16,-0.5005645751953125
2025-09-16T13:37:17,-0.5005645751953125
2025-09-16T13:37:18,-0.5005645751953125
2025-09-16T13:37:19,-0.5005645751953125
2025-09-16T13:37:20,-0.5005645751953125
2025-09-16T13:37:21,-0.5005645751953125
2025-09-16T13:37:22,-0.5005645751953125
2025-09-16T13:37:23,-0.5005645751953125
2025-09-16T13:37:24,-0.5005645751953125
2025-09-16T13:37:25,-0.5005645751953125
2025-09-16T13:37:26,-0.5005645751953125
2025-09-16T13:37:27,-0.5005645751953125
2025-09-16T13:37:28,-0.5005645751953125
2025-09-16T13:37:29,-0.5005645751953125
2025-09-16T13:37:30,-0.5005645751953125
2025-09-16T13:37:31,-0.5005645751953125
2025-09-16T13:37:32,-0.5005645751953125
2025-09-16T13:37:33,-0.5005645751953125
2025-09-16T13:37:34,-0.5005645751953125
2025-09-16T13:37:35,-0.5005645751953125
2025-09-16T13:37:36,-0.5005645751953125
2025-09-16T13:37:37,-0.5005645751953125
2025-09-16T13:37:38,-0.5005645751953125
2025-09-16T13:37:39,-0.5005645751953125
2025-09-16T13:37:40,-0.5005645751953125
2025-09-16T13:37:41,-0.5005645751953125
2025-09-16T13:37:42,-0.5005645751953125
2025-09-16T13:37:43,-0.5005645751953125
2025-09-16T13:37:44,-0.5005645751953125
2025-09-16T13:37:45,-0.5005645751953125
2025-09-16T13:37:46,-0.5005645751953125
2025-09-16T13:37:47,-0.5005645751953125
2025-09-16T13:37:48,-0.5005645751953125
2025-09-16T13:37:49,-0.5005645751953125
2025-09-16T13:37:50,-0.5005645751953125
2025-09-16T13:37:51,-0.5005645751953125
2025-09-16T13:37:52,-0.5005645751953125
2025-09-16T13:37:53,-0.5005645751953125
2025-09-16T13:37:54,-0.5005645751953125
2025-09-16T13:37:55,-0.5005645751953125
2025-09-16T13:37:56,-0.5005645751953125
2025-09-16T13:37:57,-0.5005645751953125
2025-09-16T13:37:58,-0.5005645751953125
2025-09-16T13:37:59,-0.5005645751953125
2025-09-16T13:38:00,-0.5005645751953125
2025-09-16T13:38:01,-0.5005645751953125
2025-09-16T13:38:02,-0.5005645751953125
2025-09-16T13:38:03,-0.5005645751953125
2025-09-16T13:38:04,-0.5005645751953125
2025-09-16T13:38:05,-0.5005645751953125
2025-09-16T13:38:06,-0.5005645751953125
2025-09-16T13:38:07,-0.5005645751953125
2025-09-16T13:38:08,-0.5005645751953125
2025-09-16T13:38:09,-0.5005645751953125
2025-09-16T13:38:10,-0.5005645751953125
2025-09-16T13:38:11,-0.5005645751953125
2025-09-16T13:38:12,-0.5005645751953125
2025-09-16T13:38:13,-0.5005645751953125
2025-09-16T13:38:14,-0.5005645751953125
2025-09-16T13:38:15,-0.5005645751953125
2025-09-16T13:38:16,-0.5005645751953125
2025-09-16T13:38:17,-0.5005645751953125
2025-09-16T13:38:18,-0.5005645751953125
2025-09-16T13:38:19,-0.5005645751953125
2025-09-16T13:38:20,-0.5005645751953125
2025-09-16T13:38:21,-0.5005645751953125
2025-09-16T13:38:22,-0.5005645751953125
2025-09-16T13:38:23,-0.5005645751953125
2025-09-16T13:38:24,-0.5005645751953125
2025-09-16T13:38:25,-0.5005645751953125
2025-09-16T13:38:26,-0.5005645751953125
2025-09-16T13:38:27,-0.5005645751953125
2025-09-16T13:38:28,-0.5005645751953125
2025-09-16T13:38:29,-0.5005645751953125
2025-09-16T13:38:30,-0.5005645751953125
2025-09-16T13:38:31,-0.5005645751953125
2025-09-16T13:38:32,-0.5005645751953125
2025-09-16T13:38:33,-0.5005645751953125
2025-09-16T13:38:34,-0.5005645751953125
2025-09-16T13:38:35,-0.5005645751953125
2025-09-16T13:38:36,-0.5005645751953125
2025-09-16T13:38:37,-0.5005645751953125
2025-09-16T13:38:38,-0.5005645751953125
2025-09-16T13:38:39,-0.5005645751953125
2025-09-16T13:38:40,-0.5005645751953125
2025-09-16T13:38:41,-0.5005645751953125
2025-09-16T13:38:42,-0.5005645751953125
2025-09-16T13:38:43,-0.5005645751953125
2025-09-16T13:38:44,-0.5005645751953125
2025-09-16T13:38:45,-0.5005645751953125
2025-09-16T13:38:46,-0.5005645751953125
2025-09-16T13:38:47,-0.5005645751953125
2025-09-16T13:38:48,-0.5005645751953125
2025-09-16T13:38:49,-0.5005645751953125
2025-09-16T13:38:50,-0.5005645751953125
2025-09-16T13:38:51,-0.5005645751953125
2025-09-16T13:38:52,-0.5005645751953125
2025-09-16T13:38:53,-0.5005645751953125
2025-09-16T13:38:54,-0.5005645751953125
2025-09-16T13:38:55,-0.5005645751953125
2025-09-16T13:38:56,-0.5005645751953125
2025-09-16T13:38:57,-0.5005645751953125
2025-09-16T13:38:58,-0.5005645751953125
2025-09-16T13:38:59,-0.5005645751953125
2025-09-16T13:39:00,-0.5005645751953125
2025-09-16T13:39:01,-0.5005645751953125
2025-09-16T13:39:02,-0.5005645751953125
2025-09-16T13:39:03,-0.5005645751953125
2025-09-16T13:39:04,-0.5005645751953125
2025-09-16T13:39:05,-0.5005645751953125
2025-09-16T13:39:06,-0.5005645751953125
2025-09-16T13:39:07,-0.5005645751953125
2025-09-16T13:39:08,-0.5005645751953125
2025-09-16T13:39:09,-0.5005645751953125
2025-09-16T13:39:10,-0.5005645751953125
2025-09-16T13:39:11,-0.5005645751953125
2025-09-16T13:39:12,-0.5005645751953125
2025-09-16T13:39:13,-0.5005645751953125
2025-09-16T13:39:14,-0.5005645751953125
2025-09-16T13:39:15,-0.5005645751953125
2025-09-16T13:39:16,-0.5005645751953125
2025-09-16T13:39:17,-0.5005645751953125
2025-09-16T13:39:18,-0.5005645751953125
2025-09-16T13:39:19,-0.5005645751953125
2025-09-16T13:39:20,-0.5005645751953125
2025-09-16T13:39:21,-0.5005645751953125
2025-09-16T13:39:22,-0.5005645751953125
2025-09-16T13:39:24,-0.5005645751953125
2025-09-16T13:39:25,-0.5005645751953125
2025-09-16T13:39:26,-0.5005645751953125
2025-09-16T13:39:27,-0.5005645751953125
2025-09-16T13:39:28,-0.5005645751953125
2025-09-16T13:39:29,-0.5005645751953125
2025-09-16T13:39:30,-0.5005645751953125
2025-09-16T13:39:31,-0.5005645751953125
2025-09-16T13:39:32,-0.5005645751953125
2025-09-16T13:39:33,-0.5005645751953125
2025-09-16T13:39:34,-0.5005645751953125
2025-09-16T13:39:35,-0.5005645751953125
2025-09-16T13:39:36,-0.5005645751953125
2025-09-16T13:39:37,-0.5005645751953125
2025-09-16T13:39:38,-0.5005645751953125
2025-09-16T13:39:39,-0.5005645751953125
2025-09-16T13:39:40,-0.5005645751953125
2025-09-16T13:39:41,-0.5005645751953125
2025-09-16T13:39:42,-0.5005645751953125
2025-09-16T13:39:43,-0.5005645751953125
2025-09-16T13:39:44,-0.5005645751953125
2025-09-16T13:39:45,-0.5005645751953125
2025-09-16T13:39:46,-0.5005645751953125
2025-09-16T13:39:47,-0.5005645751953125
2025-09-16T13:39:48,-0.5005645751953125
2025-09-16T13:39:49,-0.5005645751953125
2025-09-16T13:39:50,-0.5005645751953125
2025-09-16T13:39:51,-0.5005645751953125
2025-09-16T13:39:52,-0.5005645751953125
2025-09-16T13:39:53,-0.5005645751953125
2025-09-16T13:39:54,-0.5005645751953125
2025-09-16T13:39:55,-0.5005645751953125
2025-09-16T13:39:56,-0.5005645751953125
2025-09-16T13:39:57,-0.5005645751953125
2025-09-16T13:39:58,-0.5005645751953125
2025-09-16T13:39:59,-0.5005645751953125
2025-09-16T13:40:00,-0.5005645751953125
2025-09-16T13:40:01,-0.5005645751953125
2025-09-16T13:40:02,-0.5005645751953125
2025-09-16T13:40:03,-0.5005645751953125
2025-09-16T13:40:04,-0.5005645751953125
2025-09-16T13:40:05,-0.5005645751953125
2025-09-16T13:40:06,-0.5005645751953125
2025-09-16T13:40:07,-0.5005645751953125
2025-09-16T13:40:08,-0.5005645751953125
2025-09-16T13:40:09,-0.5005645751953125
2025-09-16T13:40:10,-0.5005645751953125
2025-09-16T13:40:11,-0.5005645751953125
2025-09-16T13:40:12,-0.5005645751953125
2025-09-16T13:40:13,-0.5005645751953125
2025-09-16T13:40:14,-0.5005645751953125
2025-09-16T13:40:15,-0.5005645751953125
2025-09-16T13:40:16,-0.5005645751953125
2025-09-16T13:40:17,-0.5005645751953125
2025-09-16T13:40:18,-0.5005645751953125
2025-09-16T13:40:19,-0.5005645751953125
2025-09-16T13:40:20,-0.5005645751953125
2025-09-16T13:40:21,-0.5005645751953125
2025-09-16T13:40:22,-0.5005645751953125
2025-09-16T13:40:23,-0.5005645751953125
2025-09-16T13:40:24,-0.5005645751953125
2025-09-16T13:40:25,-0.5005645751953125
2025-09-16T13:40:26,-0.5005645751953125
2025-09-16T13:40:27,-0.5005645751953125
2025-09-16T13:40:28,-0.5005645751953125
2025-09-16T13:40:29,-0.5005645751953125
2025-09-16T13:40:30,-0.5005645751953125
2025-09-16T13:40:31,-0.5005645751953125
2025-09-16T13:40:32,-0.5005645751953125
2025-09-16T13:40:33,-0.5005645751953125
2025-09-16T13:40:34,-0.5005645751953125
2025-09-16T13:40:35,-0.5005645751953125
2025-09-16T13:40:36,-0.5005645751953125
2025-09-16T13:40:37,-0.5005645751953125
2025-09-16T13:40:38,-0.5005645751953125
2025-09-16T13:40:39,-0.5005645751953125
2025-09-16T13:40:40,-0.5005645751953125
2025-09-16T13:40:41,-0.5005645751953125
2025-09-16T13:40:42,-0.5005645751953125
2025-09-16T13:40:43,-0.5005645751953125
2025-09-16T13:40:44,-0.5005645751953125
2025-09-16T13:40:45,-0.5005645751953125
2025-09-16T13:40:46,-0.5005645751953125
2025-09-16T13:40:47,-0.5005645751953125
2025-09-16T13:40:48,-0.5005645751953125
2025-09-16T13:40:49,-0.5005645751953125
2025-09-16T13:40:50,-0.5005645751953125
2025-09-16T13:40:51,-0.5005645751953125
2025-09-16T13:40:52,-0.5005645751953125
2025-09-16T13:40:53,-0.5005645751953125
2025-09-16T13:40:54,-0.5005645751953125
2025-09-16T13:40:55,-0.5005645751953125
2025-09-16T13:40:56,-0.5005645751953125
2025-09-16T13:40:57,-0.5005645751953125
2025-09-16T13:40:58,-0.5005645751953125
2025-09-16T13:40:59,-0.5005645751953125
2025-09-16T13:41:00,-0.5005645751953125
2025-09-16T13:41:01,-0.5005645751953125
2025-09-16T13:41:02,-0.5005645751953125
2025-09-16T13:41:03,-0.5005645751953125
2025-09-16T13:41:04,-0.5005645751953125
2025-09-16T13:41:05,-0.5005645751953125
2025-09-16T13:41:06,-0.5005645751953125
2025-09-16T13:41:07,-0.5005645751953125
2025-09-16T13:41:08,-0.5005645751953125
2025-09-16T13:41:09,-0.5005645751953125
2025-09-16T13:41:10,-0.5005645751953125
2025-09-16T13:41:11,-0.5005645751953125
2025-09-16T13:41:12,-0.5005645751953125
2025-09-16T13:41:13,-0.5005645751953125
2025-09-16T13:41:14,-0.5005645751953125
2025-09-16T13:41:15,-0.5005645751953125
2025-09-16T13:41:16,-0.5005645751953125
2025-09-16T13:41:17,-0.5005645751953125
2025-09-16T13:41:18,-0.5005645751953125
2025-09-16T13:41:19,-0.5005645751953125
2025-09-16T13:41:20,-0.5005645751953125
2025-09-16T13:41:21,-0.5005645751953125
2025-09-16T13:41:22,-0.5005645751953125
2025-09-16T13:41:23,-0.5005645751953125
2025-09-16T13:41:24,-0.5005645751953125
2025-09-16T13:41:25,-0.5005645751953125
2025-09-16T13:41:26,-0.5005645751953125
2025-09-16T13:41:27,-0.5005645751953125
2025-09-16T13:41:28,-0.5005645751953125
2025-09-16T13:41:29,-0.5005645751953125
2025-09-16T13:41:30,-0.5005645751953125
2025-09-16T13:41:31,-0.5005645751953125
2025-09-16T13:41:32,-0.5005645751953125
2025-09-16T13:41:33,-0.5005645751953125
2025-09-16T13:41:34,-0.5005645751953125
2025-09-16T13:41:35,-0.5005645751953125
2025-09-16T13:41:36,-0.5005645751953125
2025-09-16T13:41:37,-0.5005645751953125
2025-09-16T13:41:38,-0.5005645751953125
2025-09-16T13:41:39,-0.5005645751953125
2025-09-16T13:41:40,-0.5005645751953125
2025-09-16T13:41:41,-0.5005645751953125
2025-09-16T13:41:42,-0.5005645751953125
2025-09-16T13:41:43,-0.5005645751953125
2025-09-16T13:41:44,-0.5005645751953125
2025-09-16T13:41:45,-0.5005645751953125
2025-09-16T13:41:46,-0.5005645751953125
2025-09-16T13:41:47,-0.5005645751953125
2025-09-16T13:41:48,-0.5005645751953125
2025-09-16T13:41:49,-0.5005645751953125
2025-09-16T13:41:50,-0.5005645751953125
2025-09-16T13:41:51,-0.5005645751953125
2025-09-16T13:41:52,-0.5005645751953125
2025-09-16T13:41:53,-0.5005645751953125
2025-09-16T13:41:54,-0.5005645751953125
2025-09-16T13:41:55,-0.5005645751953125
2025-09-16T13:41:56,-0.5005645751953125
2025-09-16T13:41:57,-0.5005645751953125
2025-09-16T13:41:58,-0.5005645751953125
2025-09-16T13:41:59,-0.5005645751953125
2025-09-16T13:42:00,-0.5005645751953125
2025-09-16T13:42:01,-0.5005645751953125
2025-09-16T13:42:02,-0.5005645751953125
2025-09-16T13:42:03,-0.5005645751953125
2025-09-16T13:42:04,-0.5005645751953125
2025-09-16T13:42:05,-0.5005645751953125
2025-09-16T13:42:06,-0.5005645751953125
2025-09-16T13:42:07,-0.5005645751953125
2025-09-16T13:42:08,-0.5005645751953125
2025-09-16T13:42:09,-0.5005645751953125
2025-09-16T13:42:10,-0.5005645751953125
2025-09-16T13:42:11,-0.5005645751953125
2025-09-16T13:42:12,-0.5005645751953125
2025-09-16T13:42:13,-0.5005645751953125
2025-09-16T13:42:14,-0.5005645751953125
2025-09-16T13:42:15,-0.5005645751953125
2025-09-16T13:42:16,-0.5005645751953125
2025-09-16T13:42:17,-0.5005645751953125
2025-09-16T13:42:18,-0.5005645751953125
2025-09-16T13:42:19,-0.5005645751953125
2025-09-16T13:42:20,-0.5005645751953125
2025-09-16T14:13:40,0.3365020751953125
2025-09-16T14:13:41,0.3365020751953125
2025-09-16T14:13:42,0.3365020751953125
2025-09-16T14:13:43,0.3365020751953125
2025-09-16T14:13:44,0.3365020751953125
2025-09-16T14:13:45,0.3365020751953125
2025-09-16T14:13:46,0.3365020751953125
2025-09-16T14:13:47,0.3365020751953125
2025-09-16T14:13:48,0.3365020751953125
2025-09-16T14:13:49,0.3365020751953125
2025-09-16T14:13:50,0.3365020751953125
2025-09-16T14:13:51,0.3365020751953125
2025-09-16T14:13:52,0.3365020751953125
2025-09-16T14:13:53,0.3365020751953125
2025-09-16T14:13:54,0.3365020751953125
2025-09-16T14:13:55,0.3365020751953125
2025-09-16T14:13:56,0.3365020751953125
2025-09-16T14:13:57,0.3365020751953125
2025-09-16T14:13:58,0.3365020751953125
2025-09-16T14:13:59,0.3365020751953125
2025-09-16T14:14:00,0.3365020751953125
2025-09-16T14:14:01,0.3365020751953125
2025-09-16T14:14:03,0.3365020751953125
2025-09-16T14:14:04,0.3365020751953125
2025-09-16T14:14:05,0.3365020751953125
2025-09-16T14:14:06,0.3365020751953125
2025-09-16T14:14:07,0.3365020751953125
2025-09-16T14:14:08,0.3365020751953125
2025-09-16T14:14:09,0.3365020751953125
2025-09-16T14:14:10,0.3365020751953125
2025-09-16T14:14:11,0.3365020751953125
2025-09-16T14:14:12,0.3365020751953125
2025-09-16T14:14:13,0.3365020751953125
2025-09-16T14:14:14,0.3365020751953125
2025-09-16T14:14:15,0.3365020751953125
2025-09-16T14:14:16,0.3365020751953125
2025-09-16T14:14:17,0.3365020751953125
2025-09-16T14:14:18,0.3365020751953125
2025-09-16T14:14:19,0.3365020751953125
2025-09-16T14:14:20,0.3365020751953125
2025-09-16T14:14:21,0.3365020751953125
2025-09-16T14:14:22,0.3365020751953125
2025-09-16T14:14:23,0.3365020751953125
2025-09-16T14:14:24,0.3365020751953125
2025-09-16T14:14:25,0.3365020751953125
2025-09-16T14:14:26,0.3365020751953125
2025-09-16T14:14:27,0.3365020751953125
2025-09-16T14:14:28,0.3365020751953125
2025-09-16T14:14:30,0.3365020751953125
2025-09-16T14:14:31,0.3365020751953125
2025-09-16T14:14:32,0.3365020751953125
2025-09-16T14:14:33,0.3365020751953125
2025-09-16T14:14:34,0.3365020751953125
2025-09-16T14:14:35,0.3365020751953125
2025-09-16T14:14:36,0.3365020751953125
2025-09-16T14:14:37,0.3365020751953125
2025-09-16T14:14:38,0.3365020751953125
2025-09-16T14:14:39,0.3365020751953125
2025-09-16T14:14:40,0.3365020751953125
2025-09-16T14:14:41,0.3365020751953125
2025-09-16T14:14:42,0.3365020751953125
2025-09-16T14:14:43,0.3365020751953125
2025-09-16T14:14:44,0.3365020751953125
2025-09-16T14:14:45,0.3365020751953125
2025-09-16T14:14:46,0.3365020751953125
2025-09-16T14:14:47,0.3365020751953125
2025-09-16T14:14:48,0.3365020751953125
2025-09-16T14:14:49,0.3365020751953125
2025-09-16T14:14:50,0.3365020751953125
2025-09-16T14:14:51,0.3365020751953125
2025-09-16T14:14:52,0.3365020751953125
2025-09-16T14:14:53,0.3365020751953125
2025-09-16T14:14:54,0.3365020751953125
2025-09-16T14:14:55,0.3365020751953125
2025-09-16T14:14:57,0.3365020751953125
2025-09-16T14:14:58,0.3365020751953125
2025-09-16T14:14:59,0.3365020751953125
2025-09-16T14:15:00,0.3365020751953125
2025-09-16T14:15:01,0.3365020751953125
2025-09-16T14:15:02,0.3365020751953125
2025-09-16T14:15:03,0.3365020751953125
2025-09-16T14:15:04,0.3365020751953125
2025-09-16T14:15:05,0.3365020751953125
2025-09-16T14:15:06,0.3365020751953125
2025-09-16T14:15:07,0.3365020751953125
2025-09-16T14:15:08,0.3365020751953125
2025-09-16T14:15:09,0.3365020751953125
2025-09-16T14:15:10,0.3365020751953125
2025-09-16T14:15:11,0.3365020751953125
2025-09-16T14:15:12,0.3365020751953125
2025-09-16T14:15:13,0.3365020751953125
2025-09-16T14:15:14,0.3365020751953125
2025-09-16T14:15:15,0.3365020751953125
2025-09-16T14:15:16,0.3365020751953125
2025-09-16T14:15:17,0.3365020751953125
2025-09-16T14:15:18,0.3365020751953125
2025-09-16T14:15:20,0.3365020751953125
2025-09-16T14:15:21,0.3365020751953125
2025-09-16T14:15:22,0.3365020751953125
2025-09-16T14:15:23,0.3365020751953125
2025-09-16T14:15:24,0.3365020751953125
2025-09-16T14:15:25,0.3365020751953125
2025-09-16T14:15:26,0.3365020751953125
2025-09-16T14:15:27,0.3365020751953125
2025-09-16T14:15:28,0.3365020751953125
2025-09-16T14:15:29,0.3365020751953125
2025-09-16T14:15:30,0.3365020751953125
2025-09-16T14:15:31,0.3365020751953125
2025-09-16T14:15:32,0.3365020751953125
2025-09-16T14:15:33,0.3365020751953125
2025-09-16T14:15:34,0.3365020751953125
2025-09-16T14:15:35,0.3365020751953125
2025-09-16T14:15:36,0.3365020751953125
2025-09-16T14:15:37,0.3365020751953125
2025-09-16T14:15:38,0.3365020751953125
2025-09-16T14:15:39,0.3365020751953125
2025-09-16T14:15:41,0.3365020751953125
2025-09-16T14:15:42,0.3365020751953125
2025-09-16T14:15:43,0.3365020751953125
2025-09-16T14:15:44,0.3365020751953125
2025-09-16T14:15:45,0.3365020751953125
2025-09-16T14:15:46,0.3365020751953125
2025-09-16T14:15:47,0.3365020751953125
2025-09-16T14:15:48,0.3365020751953125
2025-09-16T14:15:49,0.3365020751953125
2025-09-16T14:15:50,0.3365020751953125
2025-09-16T14:15:51,0.3365020751953125
2025-09-16T14:15:52,0.3365020751953125
2025-09-16T14:15:53,0.3365020751953125
2025-09-16T14:15:54,0.3365020751953125
2025-09-16T14:15:55,0.3365020751953125
2025-09-16T14:15:56,0.3365020751953125
2025-09-16T14:15:57,0.3365020751953125
2025-09-16T14:15:58,0.3365020751953125
2025-09-16T14:15:59,0.3365020751953125
2025-09-16T14:16:00,0.3365020751953125
2025-09-16T14:16:01,0.3365020751953125
2025-09-16T14:16:02,0.3365020751953125
2025-09-16T14:16:03,0.3365020751953125
2025-09-16T14:16:04,0.3365020751953125
2025-09-16T14:16:05,0.3365020751953125
2025-09-16T14:16:06,0.3365020751953125
2025-09-16T14:16:07,0.3365020751953125
2025-09-16T14:16:09,0.3365020751953125
2025-09-16T14:16:10,0.3365020751953125
2025-09-16T14:16:11,0.3365020751953125
2025-09-16T14:16:12,0.3365020751953125
2025-09-16T14:16:13,0.3365020751953125
2025-09-16T14:16:14,0.3365020751953125
2025-09-16T14:16:15,0.3365020751953125
2025-09-16T14:16:16,0.3365020751953125
2025-09-16T14:16:17,0.3365020751953125
2025-09-16T14:16:18,0.3365020751953125
2025-09-16T14:16:19,0.3365020751953125
2025-09-16T14:16:20,0.3365020751953125
2025-09-16T14:16:21,0.3365020751953125
2025-09-16T14:16:22,0.3365020751953125
2025-09-16T14:16:23,0.3365020751953125
2025-09-16T14:16:24,0.3365020751953125
2025-09-16T14:16:25,0.3365020751953125
2025-09-16T14:16:26,0.3365020751953125
2025-09-16T14:16:27,0.3365020751953125
2025-09-16T14:16:29,0.3365020751953125
2025-09-16T14:16:30,0.3365020751953125
2025-09-16T14:16:31,0.3365020751953125
2025-09-16T14:16:32,0.3365020751953125
2025-09-16T14:16:33,0.3365020751953125
2025-09-16T14:16:34,0.3365020751953125
2025-09-16T14:16:35,0.3365020751953125
2025-09-16T14:16:36,0.3365020751953125
2025-09-16T14:16:37,0.3365020751953125
2025-09-16T14:16:38,0.3365020751953125
2025-09-16T14:16:39,0.3365020751953125
2025-09-16T14:16:40,0.3365020751953125
2025-09-16T14:16:41,0.3365020751953125
2025-09-16T14:16:42,0.3365020751953125
2025-09-16T14:16:43,0.3365020751953125
2025-09-16T14:16:44,0.3365020751953125
2025-09-16T14:16:45,0.3365020751953125
2025-09-16T14:16:46,0.3365020751953125
2025-09-16T14:16:47,0.3365020751953125
2025-09-16T14:16:48,0.3365020751953125
2025-09-16T14:16:50,0.3365020751953125
2025-09-16T14:16:51,0.3365020751953125
2025-09-16T14:16:52,0.3365020751953125
2025-09-16T14:16:53,0.3365020751953125
2025-09-16T14:16:54,0.3365020751953125
2025-09-16T14:16:55,0.3365020751953125
2025-09-16T14:16:56,0.3365020751953125
2025-09-16T14:16:57,0.3365020751953125
2025-09-16T14:16:58,0.3365020751953125
2025-09-16T14:16:59,0.3365020751953125
2025-09-16T14:17:00,0.3365020751953125
2025-09-16T14:17:01,0.3365020751953125
2025-09-16T14:17:02,0.3365020751953125
2025-09-16T14:17:03,0.3365020751953125
2025-09-16T14:17:04,0.3365020751953125
2025-09-16T14:17:05,0.3365020751953125
2025-09-16T14:17:06,0.3365020751953125
2025-09-16T14:17:07,0.3365020751953125
2025-09-16T14:17:08,0.3365020751953125
2025-09-16T14:17:09,0.3365020751953125
2025-09-16T14:17:10,0.3365020751953125
2025-09-16T14:17:11,0.3365020751953125
2025-09-16T14:17:12,0.3365020751953125
2025-09-16T14:17:13,0.3365020751953125
2025-09-16T14:17:15,0.3365020751953125
2025-09-16T14:17:16,0.3365020751953125
2025-09-16T14:17:17,0.3365020751953125
2025-09-16T14:17:18,0.3365020751953125
2025-09-16T14:17:19,0.3365020751953125
2025-09-16T14:17:20,0.3365020751953125
2025-09-16T14:17:21,0.3365020751953125
2025-09-16T14:17:22,0.3365020751953125
2025-09-16T14:17:23,0.3365020751953125
2025-09-16T14:17:24,0.3365020751953125
2025-09-16T14:17:25,0.3365020751953125
2025-09-16T14:17:26,0.3365020751953125
2025-09-16T14:17:27,0.3365020751953125
2025-09-16T14:17:28,0.3365020751953125
2025-09-16T14:17:29,0.3365020751953125
2025-09-16T14:17:30,0.3365020751953125
2025-09-16T14:17:31,0.3365020751953125
2025-09-16T14:17:32,0.3365020751953125
2025-09-16T14:17:33,0.3365020751953125
2025-09-16T14:17:34,0.3365020751953125
2025-09-16T14:17:35,0.3365020751953125
2025-09-16T14:17:36,0.3365020751953125
2025-09-16T14:17:37,0.3365020751953125
2025-09-16T14:17:39,0.3365020751953125
2025-09-16T14:17:40,0.3365020751953125
2025-09-16T14:17:41,0.3365020751953125
2025-09-16T14:17:42,0.3365020751953125
2025-09-16T14:17:43,0.3365020751953125
2025-09-16T14:17:44,0.3365020751953125
2025-09-16T14:17:45,0.3365020751953125
2025-09-16T14:17:46,0.3365020751953125
2025-09-16T14:17:47,0.3365020751953125
2025-09-16T14:17:48,0.3365020751953125
2025-09-16T14:17:49,0.3365020751953125
2025-09-16T14:17:50,0.3365020751953125
2025-09-16T14:17:51,0.3365020751953125
2025-09-16T14:17:52,0.3365020751953125
2025-09-16T14:17:53,0.3365020751953125
2025-09-16T14:17:54,0.3365020751953125
2025-09-16T14:17:55,0.3365020751953125
2025-09-16T14:17:56,0.3365020751953125
2025-09-16T14:17:57,0.3365020751953125
2025-09-16T14:17:58,0.3365020751953125
2025-09-16T14:17:59,0.3365020751953125
2025-09-16T14:18:00,0.3365020751953125
2025-09-16T14:18:01,0.3365020751953125
2025-09-16T14:18:03,0.3365020751953125
2025-09-16T14:18:04,0.3365020751953125
2025-09-16T14:18:05,0.3365020751953125
2025-09-16T14:18:06,0.3365020751953125
2025-09-16T14:18:07,0.3365020751953125
2025-09-16T14:18:08,0.3365020751953125
2025-09-16T14:18:09,0.3365020751953125
2025-09-16T14:18:10,0.3365020751953125
2025-09-16T14:18:11,0.3365020751953125
2025-09-16T14:18:12,0.3365020751953125
2025-09-16T14:18:13,0.3365020751953125
2025-09-16T14:21:32,-0.4065399169921875
2025-09-16T14:21:33,-0.4065399169921875
2025-09-16T14:21:34,-0.4065399169921875
2025-09-16T14:21:35,-0.4065399169921875
2025-09-16T14:21:36,-0.4065399169921875
2025-09-16T14:21:37,-0.4065399169921875
2025-09-16T14:21:38,-0.4065399169921875
2025-09-16T14:21:39,-0.4065399169921875
2025-09-16T14:21:40,-0.4065399169921875
2025-09-16T14:21:42,-0.4065399169921875
2025-09-16T14:21:43,-0.4065399169921875
2025-09-16T14:21:44,-0.4065399169921875
2025-09-16T14:21:45,-0.4065399169921875
2025-09-16T14:21:46,-0.4065399169921875
2025-09-16T14:21:47,-0.4065399169921875
2025-09-16T14:21:48,-0.4065399169921875
2025-09-16T14:21:49,-0.4065399169921875
2025-09-16T14:21:50,-0.4065399169921875
2025-09-16T14:21:51,-0.4065399169921875
2025-09-16T14:21:52,-0.4065399169921875
2025-09-16T14:21:53,-0.4065399169921875
2025-09-16T14:21:54,-0.4065399169921875
2025-09-16T14:21:55,-0.4065399169921875
2025-09-16T14:21:56,-0.4065399169921875
2025-09-16T14:21:57,-0.4065399169921875
2025-09-16T14:21:58,-0.4065399169921875
2025-09-16T14:21:59,-0.4065399169921875
2025-09-16T14:22:00,-0.4065399169921875
2025-09-16T14:22:01,-0.4065399169921875
2025-09-16T14:22:02,-0.4065399169921875
2025-09-16T14:22:03,-0.4065399169921875
2025-09-16T14:22:04,-0.4065399169921875
2025-09-16T14:22:05,-0.4065399169921875
2025-09-16T14:22:06,-0.4065399169921875
2025-09-16T14:22:07,-0.4065399169921875
2025-09-16T14:22:09,-0.4065399169921875
2025-09-16T14:22:10,-0.4065399169921875
2025-09-16T14:22:11,-0.4065399169921875
2025-09-16T14:22:12,-0.4065399169921875
2025-09-16T14:22:13,-0.4065399169921875
2025-09-16T14:22:14,-0.4065399169921875
2025-09-16T14:22:15,-0.4065399169921875
2025-09-16T14:22:16,-0.4065399169921875
2025-09-16T14:22:17,-0.4065399169921875
2025-09-16T14:22:18,-0.4065399169921875
2025-09-16T14:22:19,-0.4065399169921875
2025-09-16T14:22:20,-0.4065399169921875
2025-09-16T14:22:21,-0.4065399169921875
2025-09-16T14:22:22,-0.4065399169921875
2025-09-16T14:22:23,-0.4065399169921875
2025-09-16T14:22:24,-0.4065399169921875
2025-09-16T14:22:25,-0.4065399169921875
2025-09-16T14:22:26,-0.4065399169921875
2025-09-16T14:22:27,-0.4065399169921875
2025-09-16T14:22:28,-0.4065399169921875
2025-09-16T14:22:29,-0.4065399169921875
2025-09-16T14:22:30,-0.4065399169921875
2025-09-16T14:22:32,-0.4065399169921875
2025-09-16T14:22:33,-0.4065399169921875
2025-09-16T14:22:34,-0.4065399169921875
2025-09-16T14:22:35,-0.4065399169921875
2025-09-16T14:22:36,-0.4065399169921875
2025-09-16T14:22:37,-0.4065399169921875
2025-09-16T14:22:38,-0.4065399169921875
2025-09-16T14:22:39,-0.4065399169921875
2025-09-16T14:22:40,-0.4065399169921875
2025-09-16T14:22:41,-0.4065399169921875
2025-09-16T14:22:42,-0.4065399169921875
2025-09-16T14:22:43,-0.4065399169921875
2025-09-16T14:22:44,-0.4065399169921875
2025-09-16T14:22:45,-0.4065399169921875
2025-09-16T14:22:46,-0.4065399169921875
2025-09-16T14:22:47,-0.4065399169921875
2025-09-16T14:22:48,-0.4065399169921875
2025-09-16T14:22:49,-0.4065399169921875
2025-09-16T14:22:51,-0.4065399169921875
2025-09-16T14:22:52,-0.4065399169921875
2025-09-16T14:22:53,-0.4065399169921875
2025-09-16T14:22:54,-0.4065399169921875
2025-09-16T14:22:55,-0.4065399169921875
2025-09-16T14:22:56,-0.4065399169921875
2025-09-16T14:22:57,-0.4065399169921875
2025-09-16T14:22:58,-0.4065399169921875
2025-09-16T14:22:59,-0.4065399169921875
2025-09-16T14:23:00,-0.4065399169921875
2025-09-16T14:23:01,-0.4065399169921875
2025-09-16T14:23:02,-0.4065399169921875
2025-09-16T14:23:03,-0.4065399169921875
2025-09-16T14:23:04,-0.4065399169921875
2025-09-16T14:23:05,-0.4065399169921875
2025-09-16T14:23:06,-0.4065399169921875
2025-09-16T14:23:07,-0.4065399169921875
2025-09-16T14:23:08,-0.4065399169921875
2025-09-16T14:23:09,-0.4065399169921875
2025-09-16T14:23:10,-0.4065399169921875
2025-09-16T14:23:12,-0.4065399169921875
2025-09-16T14:23:13,-0.4065399169921875
2025-09-16T14:23:14,-0.4065399169921875
2025-09-16T14:23:15,-0.4065399169921875
2025-09-16T14:23:16,-0.4065399169921875
2025-09-16T14:23:17,-0.4065399169921875
2025-09-16T14:23:18,-0.4065399169921875
2025-09-16T14:23:19,-0.4065399169921875
2025-09-16T14:23:20,-0.4065399169921875
2025-09-16T14:23:21,-0.4065399169921875
2025-09-16T14:23:22,-0.4065399169921875
2025-09-16T14:23:23,-0.4065399169921875
2025-09-16T14:23:24,-0.4065399169921875
2025-09-16T14:23:25,-0.4065399169921875
2025-09-16T14:23:26,-0.4065399169921875
2025-09-16T14:23:27,-0.4065399169921875
2025-09-16T14:23:28,-0.4065399169921875
2025-09-16T14:23:29,-0.4065399169921875
2025-09-16T14:23:30,-0.4065399169921875
2025-09-16T14:23:31,-0.4065399169921875
2025-09-16T14:23:32,-0.4065399169921875
2025-09-16T14:23:33,-0.4065399169921875
