timestamp,x,y,z
2025-09-16T14:13:40,-0.44207763671875,0.3365020751953125,-1.1291961669921875
2025-09-16T14:13:41,-0.44207763671875,0.3365020751953125,-1.1291961669921875
2025-09-16T14:13:42,-0.44207763671875,0.3365020751953125,-1.1291961669921875
2025-09-16T14:13:43,-0.44207763671875,0.3365020751953125,-1.1291961669921875
2025-09-16T14:13:44,-0.44207763671875,0.3365020751953125,-1.1291961669921875
2025-09-16T14:13:45,-0.44207763671875,0.3365020751953125,-1.1291961669921875
2025-09-16T14:13:46,-0.44207763671875,0.3365020751953125,-1.1291961669921875
2025-09-16T14:13:47,-0.44207763671875,0.3365020751953125,-1.1291961669921875
2025-09-16T14:13:48,-0.44207763671875,0.3365020751953125,-1.1291961669921875
2025-09-16T14:13:49,-0.44207763671875,0.3365020751953125,-1.1291961669921875
2025-09-16T14:13:50,-0.44207763671875,0.3365020751953125,-1.1291961669921875
2025-09-16T14:13:51,-0.44207763671875,0.3365020751953125,-1.1291961669921875
2025-09-16T14:13:52,-0.44207763671875,0.3365020751953125,-1.1291961669921875
2025-09-16T14:13:53,-0.44207763671875,0.3365020751953125,-1.1291961669921875
2025-09-16T14:13:54,-0.44207763671875,0.3365020751953125,-1.1291961669921875
2025-09-16T14:13:55,-0.44207763671875,0.3365020751953125,-1.1291961669921875
2025-09-16T14:13:56,-0.44207763671875,0.3365020751953125,-1.1291961669921875
2025-09-16T14:13:57,-0.44207763671875,0.3365020751953125,-1.1291961669921875
2025-09-16T14:13:58,-0.44207763671875,0.3365020751953125,-1.1291961669921875
2025-09-16T14:13:59,-0.44207763671875,0.3365020751953125,-1.1291961669921875
2025-09-16T14:14:00,-0.44207763671875,0.3365020751953125,-1.1291961669921875
2025-09-16T14:14:01,-0.44207763671875,0.3365020751953125,-1.1291961669921875
2025-09-16T14:14:03,-0.44207763671875,0.3365020751953125,-1.1291961669921875
2025-09-16T14:14:04,-0.44207763671875,0.3365020751953125,-1.1291961669921875
2025-09-16T14:14:05,-0.44207763671875,0.3365020751953125,-1.1291961669921875
2025-09-16T14:14:06,-0.44207763671875,0.3365020751953125,-1.1291961669921875
2025-09-16T14:14:07,-0.44207763671875,0.3365020751953125,-1.1291961669921875
2025-09-16T14:14:08,-0.44207763671875,0.3365020751953125,-1.1291961669921875
2025-09-16T14:14:09,-0.44207763671875,0.3365020751953125,-1.1291961669921875
2025-09-16T14:14:10,-0.44207763671875,0.3365020751953125,-1.1291961669921875
2025-09-16T14:14:11,-0.44207763671875,0.3365020751953125,-1.1291961669921875
2025-09-16T14:14:12,-0.44207763671875,0.3365020751953125,-1.1291961669921875
2025-09-16T14:14:13,-0.44207763671875,0.3365020751953125,-1.1291961669921875
2025-09-16T14:14:14,-0.44207763671875,0.3365020751953125,-1.1291961669921875
2025-09-16T14:14:15,-0.44207763671875,0.3365020751953125,-1.1291961669921875
2025-09-16T14:14:16,-0.44207763671875,0.3365020751953125,-1.1291961669921875
2025-09-16T14:14:17,-0.44207763671875,0.3365020751953125,-1.1291961669921875
2025-09-16T14:14:18,-0.44207763671875,0.3365020751953125,-1.1291961669921875
2025-09-16T14:14:19,-0.44207763671875,0.3365020751953125,-1.1291961669921875
2025-09-16T14:14:20,-0.44207763671875,0.3365020751953125,-1.1291961669921875
2025-09-16T14:14:21,-0.44207763671875,0.3365020751953125,-1.1291961669921875
2025-09-16T14:14:22,-0.44207763671875,0.3365020751953125,-1.1291961669921875
2025-09-16T14:14:23,-0.44207763671875,0.3365020751953125,-1.1291961669921875
2025-09-16T14:14:24,-0.44207763671875,0.3365020751953125,-1.1291961669921875
2025-09-16T14:14:25,-0.44207763671875,0.3365020751953125,-1.1291961669921875
2025-09-16T14:14:26,-0.44207763671875,0.3365020751953125,-1.1291961669921875
2025-09-16T14:14:27,-0.44207763671875,0.3365020751953125,-1.1291961669921875
2025-09-16T14:14:28,-0.44207763671875,0.3365020751953125,-1.1291961669921875
2025-09-16T14:14:30,-0.44207763671875,0.3365020751953125,-1.1291961669921875
2025-09-16T14:14:31,-0.44207763671875,0.3365020751953125,-1.1291961669921875
2025-09-16T14:14:32,-0.44207763671875,0.3365020751953125,-1.1291961669921875
2025-09-16T14:14:33,-0.44207763671875,0.3365020751953125,-1.1291961669921875
2025-09-16T14:14:34,-0.44207763671875,0.3365020751953125,-1.1291961669921875
2025-09-16T14:14:35,-0.44207763671875,0.3365020751953125,-1.1291961669921875
2025-09-16T14:14:36,-0.44207763671875,0.3365020751953125,-1.1291961669921875
2025-09-16T14:14:37,-0.44207763671875,0.3365020751953125,-1.1291961669921875
2025-09-16T14:14:38,-0.44207763671875,0.3365020751953125,-1.1291961669921875
2025-09-16T14:14:39,-0.44207763671875,0.3365020751953125,-1.1291961669921875
2025-09-16T14:14:40,-0.44207763671875,0.3365020751953125,-1.1291961669921875
2025-09-16T14:14:41,-0.44207763671875,0.3365020751953125,-1.1291961669921875
2025-09-16T14:14:42,-0.44207763671875,0.3365020751953125,-1.1291961669921875
2025-09-16T14:14:43,-0.44207763671875,0.3365020751953125,-1.1291961669921875
2025-09-16T14:14:44,-0.44207763671875,0.3365020751953125,-1.1291961669921875
2025-09-16T14:14:45,-0.44207763671875,0.3365020751953125,-1.1291961669921875
2025-09-16T14:14:46,-0.44207763671875,0.3365020751953125,-1.1291961669921875
2025-09-16T14:14:47,-0.44207763671875,0.3365020751953125,-1.1291961669921875
2025-09-16T14:14:48,-0.44207763671875,0.3365020751953125,-1.1291961669921875
2025-09-16T14:14:49,-0.44207763671875,0.3365020751953125,-1.1291961669921875
2025-09-16T14:14:50,-0.44207763671875,0.3365020751953125,-1.1291961669921875
2025-09-16T14:14:51,-0.44207763671875,0.3365020751953125,-1.1291961669921875
2025-09-16T14:14:52,-0.44207763671875,0.3365020751953125,-1.1291961669921875
2025-09-16T14:14:53,-0.44207763671875,0.3365020751953125,-1.1291961669921875
2025-09-16T14:14:54,-0.44207763671875,0.3365020751953125,-1.1291961669921875
2025-09-16T14:14:55,-0.44207763671875,0.3365020751953125,-1.1291961669921875
2025-09-16T14:14:57,-0.44207763671875,0.3365020751953125,-1.1291961669921875
2025-09-16T14:14:58,-0.44207763671875,0.3365020751953125,-1.1291961669921875
2025-09-16T14:14:59,-0.44207763671875,0.3365020751953125,-1.1291961669921875
2025-09-16T14:15:00,-0.44207763671875,0.3365020751953125,-1.1291961669921875
2025-09-16T14:15:01,-0.44207763671875,0.3365020751953125,-1.1291961669921875
2025-09-16T14:15:02,-0.44207763671875,0.3365020751953125,-1.1291961669921875
2025-09-16T14:15:03,-0.44207763671875,0.3365020751953125,-1.1291961669921875
2025-09-16T14:15:04,-0.44207763671875,0.3365020751953125,-1.1291961669921875
2025-09-16T14:15:05,-0.44207763671875,0.3365020751953125,-1.1291961669921875
2025-09-16T14:15:06,-0.44207763671875,0.3365020751953125,-1.1291961669921875
2025-09-16T14:15:07,-0.44207763671875,0.3365020751953125,-1.1291961669921875
2025-09-16T14:15:08,-0.44207763671875,0.3365020751953125,-1.1291961669921875
2025-09-16T14:15:09,-0.44207763671875,0.3365020751953125,-1.1291961669921875
2025-09-16T14:15:10,-0.44207763671875,0.3365020751953125,-1.1291961669921875
2025-09-16T14:15:11,-0.44207763671875,0.3365020751953125,-1.1291961669921875
2025-09-16T14:15:12,-0.44207763671875,0.3365020751953125,-1.1291961669921875
2025-09-16T14:15:13,-0.44207763671875,0.3365020751953125,-1.1291961669921875
2025-09-16T14:15:14,-0.44207763671875,0.3365020751953125,-1.1291961669921875
2025-09-16T14:15:15,-0.44207763671875,0.3365020751953125,-1.1291961669921875
2025-09-16T14:15:16,-0.44207763671875,0.3365020751953125,-1.1291961669921875
2025-09-16T14:15:17,-0.44207763671875,0.3365020751953125,-1.1291961669921875
2025-09-16T14:15:18,-0.44207763671875,0.3365020751953125,-1.1291961669921875
2025-09-16T14:15:20,-0.44207763671875,0.3365020751953125,-1.1291961669921875
2025-09-16T14:15:21,-0.44207763671875,0.3365020751953125,-1.1291961669921875
2025-09-16T14:15:22,-0.44207763671875,0.3365020751953125,-1.1291961669921875
2025-09-16T14:15:23,-0.44207763671875,0.3365020751953125,-1.1291961669921875
2025-09-16T14:15:24,-0.44207763671875,0.3365020751953125,-1.1291961669921875
2025-09-16T14:15:25,-0.44207763671875,0.3365020751953125,-1.1291961669921875
2025-09-16T14:15:26,-0.44207763671875,0.3365020751953125,-1.1291961669921875
2025-09-16T14:15:27,-0.44207763671875,0.3365020751953125,-1.1291961669921875
2025-09-16T14:15:28,-0.44207763671875,0.3365020751953125,-1.1291961669921875
2025-09-16T14:15:29,-0.44207763671875,0.3365020751953125,-1.1291961669921875
2025-09-16T14:15:30,-0.44207763671875,0.3365020751953125,-1.1291961669921875
2025-09-16T14:15:31,-0.44207763671875,0.3365020751953125,-1.1291961669921875
2025-09-16T14:15:32,-0.44207763671875,0.3365020751953125,-1.1291961669921875
2025-09-16T14:15:33,-0.44207763671875,0.3365020751953125,-1.1291961669921875
2025-09-16T14:15:34,-0.44207763671875,0.3365020751953125,-1.1291961669921875
2025-09-16T14:15:35,-0.44207763671875,0.3365020751953125,-1.1291961669921875
2025-09-16T14:15:36,-0.44207763671875,0.3365020751953125,-1.1291961669921875
2025-09-16T14:15:37,-0.44207763671875,0.3365020751953125,-1.1291961669921875
2025-09-16T14:15:38,-0.44207763671875,0.3365020751953125,-1.1291961669921875
2025-09-16T14:15:39,-0.44207763671875,0.3365020751953125,-1.1291961669921875
2025-09-16T14:15:41,-0.44207763671875,0.3365020751953125,-1.1291961669921875
2025-09-16T14:15:42,-0.44207763671875,0.3365020751953125,-1.1291961669921875
2025-09-16T14:15:43,-0.44207763671875,0.3365020751953125,-1.1291961669921875
2025-09-16T14:15:44,-0.44207763671875,0.3365020751953125,-1.1291961669921875
2025-09-16T14:15:45,-0.44207763671875,0.3365020751953125,-1.1291961669921875
2025-09-16T14:15:46,-0.44207763671875,0.3365020751953125,-1.1291961669921875
2025-09-16T14:15:47,-0.44207763671875,0.3365020751953125,-1.1291961669921875
2025-09-16T14:15:48,-0.44207763671875,0.3365020751953125,-1.1291961669921875
2025-09-16T14:15:49,-0.44207763671875,0.3365020751953125,-1.1291961669921875
2025-09-16T14:15:50,-0.44207763671875,0.3365020751953125,-1.1291961669921875
2025-09-16T14:15:51,-0.44207763671875,0.3365020751953125,-1.1291961669921875
2025-09-16T14:15:52,-0.44207763671875,0.3365020751953125,-1.1291961669921875
2025-09-16T14:15:53,-0.44207763671875,0.3365020751953125,-1.1291961669921875
2025-09-16T14:15:54,-0.44207763671875,0.3365020751953125,-1.1291961669921875
2025-09-16T14:15:55,-0.44207763671875,0.3365020751953125,-1.1291961669921875
2025-09-16T14:15:56,-0.44207763671875,0.3365020751953125,-1.1291961669921875
2025-09-16T14:15:57,-0.44207763671875,0.3365020751953125,-1.1291961669921875
2025-09-16T14:15:58,-0.44207763671875,0.3365020751953125,-1.1291961669921875
2025-09-16T14:15:59,-0.44207763671875,0.3365020751953125,-1.1291961669921875
2025-09-16T14:16:00,-0.44207763671875,0.3365020751953125,-1.1291961669921875
2025-09-16T14:16:01,-0.44207763671875,0.3365020751953125,-1.1291961669921875
2025-09-16T14:16:02,-0.44207763671875,0.3365020751953125,-1.1291961669921875
2025-09-16T14:16:03,-0.44207763671875,0.3365020751953125,-1.1291961669921875
2025-09-16T14:16:04,-0.44207763671875,0.3365020751953125,-1.1291961669921875
2025-09-16T14:16:05,-0.44207763671875,0.3365020751953125,-1.1291961669921875
2025-09-16T14:16:06,-0.44207763671875,0.3365020751953125,-1.1291961669921875
2025-09-16T14:16:07,-0.44207763671875,0.3365020751953125,-1.1291961669921875
2025-09-16T14:16:09,-0.44207763671875,0.3365020751953125,-1.1291961669921875
2025-09-16T14:16:10,-0.44207763671875,0.3365020751953125,-1.1291961669921875
2025-09-16T14:16:11,-0.44207763671875,0.3365020751953125,-1.1291961669921875
2025-09-16T14:16:12,-0.44207763671875,0.3365020751953125,-1.1291961669921875
2025-09-16T14:16:13,-0.44207763671875,0.3365020751953125,-1.1291961669921875
2025-09-16T14:16:14,-0.44207763671875,0.3365020751953125,-1.1291961669921875
2025-09-16T14:16:15,-0.44207763671875,0.3365020751953125,-1.1291961669921875
2025-09-16T14:16:16,-0.44207763671875,0.3365020751953125,-1.1291961669921875
2025-09-16T14:16:17,-0.44207763671875,0.3365020751953125,-1.1291961669921875
2025-09-16T14:16:18,-0.44207763671875,0.3365020751953125,-1.1291961669921875
2025-09-16T14:16:19,-0.44207763671875,0.3365020751953125,-1.1291961669921875
2025-09-16T14:16:20,-0.44207763671875,0.3365020751953125,-1.1291961669921875
2025-09-16T14:16:21,-0.44207763671875,0.3365020751953125,-1.1291961669921875
2025-09-16T14:16:22,-0.44207763671875,0.3365020751953125,-1.1291961669921875
2025-09-16T14:16:23,-0.44207763671875,0.3365020751953125,-1.1291961669921875
2025-09-16T14:16:24,-0.44207763671875,0.3365020751953125,-1.1291961669921875
2025-09-16T14:16:25,-0.44207763671875,0.3365020751953125,-1.1291961669921875
2025-09-16T14:16:26,-0.44207763671875,0.3365020751953125,-1.1291961669921875
2025-09-16T14:16:27,-0.44207763671875,0.3365020751953125,-1.1291961669921875
2025-09-16T14:16:29,-0.44207763671875,0.3365020751953125,-1.1291961669921875
2025-09-16T14:16:30,-0.44207763671875,0.3365020751953125,-1.1291961669921875
2025-09-16T14:16:31,-0.44207763671875,0.3365020751953125,-1.1291961669921875
2025-09-16T14:16:32,-0.44207763671875,0.3365020751953125,-1.1291961669921875
2025-09-16T14:16:33,-0.44207763671875,0.3365020751953125,-1.1291961669921875
2025-09-16T14:16:34,-0.44207763671875,0.3365020751953125,-1.1291961669921875
2025-09-16T14:16:35,-0.44207763671875,0.3365020751953125,-1.1291961669921875
2025-09-16T14:16:36,-0.44207763671875,0.3365020751953125,-1.1291961669921875
2025-09-16T14:16:37,-0.44207763671875,0.3365020751953125,-1.1291961669921875
2025-09-16T14:16:38,-0.44207763671875,0.3365020751953125,-1.1291961669921875
2025-09-16T14:16:39,-0.44207763671875,0.3365020751953125,-1.1291961669921875
2025-09-16T14:16:40,-0.44207763671875,0.3365020751953125,-1.1291961669921875
2025-09-16T14:16:41,-0.44207763671875,0.3365020751953125,-1.1291961669921875
2025-09-16T14:16:42,-0.44207763671875,0.3365020751953125,-1.1291961669921875
2025-09-16T14:16:43,-0.44207763671875,0.3365020751953125,-1.1291961669921875
2025-09-16T14:16:44,-0.44207763671875,0.3365020751953125,-1.1291961669921875
2025-09-16T14:16:45,-0.44207763671875,0.3365020751953125,-1.1291961669921875
2025-09-16T14:16:46,-0.44207763671875,0.3365020751953125,-1.1291961669921875
2025-09-16T14:16:47,-0.44207763671875,0.3365020751953125,-1.1291961669921875
2025-09-16T14:16:48,-0.44207763671875,0.3365020751953125,-1.1291961669921875
2025-09-16T14:16:50,-0.44207763671875,0.3365020751953125,-1.1291961669921875
2025-09-16T14:16:51,-0.44207763671875,0.3365020751953125,-1.1291961669921875
2025-09-16T14:16:52,-0.44207763671875,0.3365020751953125,-1.1291961669921875
2025-09-16T14:16:53,-0.44207763671875,0.3365020751953125,-1.1291961669921875
2025-09-16T14:16:54,-0.44207763671875,0.3365020751953125,-1.1291961669921875
2025-09-16T14:16:55,-0.44207763671875,0.3365020751953125,-1.1291961669921875
2025-09-16T14:16:56,-0.44207763671875,0.3365020751953125,-1.1291961669921875
2025-09-16T14:16:57,-0.44207763671875,0.3365020751953125,-1.1291961669921875
2025-09-16T14:16:58,-0.44207763671875,0.3365020751953125,-1.1291961669921875
2025-09-16T14:16:59,-0.44207763671875,0.3365020751953125,-1.1291961669921875
2025-09-16T14:17:00,-0.44207763671875,0.3365020751953125,-1.1291961669921875
2025-09-16T14:17:01,-0.44207763671875,0.3365020751953125,-1.1291961669921875
2025-09-16T14:17:02,-0.44207763671875,0.3365020751953125,-1.1291961669921875
2025-09-16T14:17:03,-0.44207763671875,0.3365020751953125,-1.1291961669921875
2025-09-16T14:17:04,-0.44207763671875,0.3365020751953125,-1.1291961669921875
2025-09-16T14:17:05,-0.44207763671875,0.3365020751953125,-1.1291961669921875
2025-09-16T14:17:06,-0.44207763671875,0.3365020751953125,-1.1291961669921875
2025-09-16T14:17:07,-0.44207763671875,0.3365020751953125,-1.1291961669921875
2025-09-16T14:17:08,-0.44207763671875,0.3365020751953125,-1.1291961669921875
2025-09-16T14:17:09,-0.44207763671875,0.3365020751953125,-1.1291961669921875
2025-09-16T14:17:10,-0.44207763671875,0.3365020751953125,-1.1291961669921875
2025-09-16T14:17:11,-0.44207763671875,0.3365020751953125,-1.1291961669921875
2025-09-16T14:17:12,-0.44207763671875,0.3365020751953125,-1.1291961669921875
2025-09-16T14:17:13,-0.44207763671875,0.3365020751953125,-1.1291961669921875
2025-09-16T14:17:15,-0.44207763671875,0.3365020751953125,-1.1291961669921875
2025-09-16T14:17:16,-0.44207763671875,0.3365020751953125,-1.1291961669921875
2025-09-16T14:17:17,-0.44207763671875,0.3365020751953125,-1.1291961669921875
2025-09-16T14:17:18,-0.44207763671875,0.3365020751953125,-1.1291961669921875
2025-09-16T14:17:19,-0.44207763671875,0.3365020751953125,-1.1291961669921875
2025-09-16T14:17:20,-0.44207763671875,0.3365020751953125,-1.1291961669921875
2025-09-16T14:17:21,-0.44207763671875,0.3365020751953125,-1.1291961669921875
2025-09-16T14:17:22,-0.44207763671875,0.3365020751953125,-1.1291961669921875
2025-09-16T14:17:23,-0.44207763671875,0.3365020751953125,-1.1291961669921875
2025-09-16T14:17:24,-0.44207763671875,0.3365020751953125,-1.1291961669921875
2025-09-16T14:17:25,-0.44207763671875,0.3365020751953125,-1.1291961669921875
2025-09-16T14:17:26,-0.44207763671875,0.3365020751953125,-1.1291961669921875
2025-09-16T14:17:27,-0.44207763671875,0.3365020751953125,-1.1291961669921875
2025-09-16T14:17:28,-0.44207763671875,0.3365020751953125,-1.1291961669921875
2025-09-16T14:17:29,-0.44207763671875,0.3365020751953125,-1.1291961669921875
2025-09-16T14:17:30,-0.44207763671875,0.3365020751953125,-1.1291961669921875
2025-09-16T14:17:31,-0.44207763671875,0.3365020751953125,-1.1291961669921875
2025-09-16T14:17:32,-0.44207763671875,0.3365020751953125,-1.1291961669921875
2025-09-16T14:17:33,-0.44207763671875,0.3365020751953125,-1.1291961669921875
2025-09-16T14:17:34,-0.44207763671875,0.3365020751953125,-1.1291961669921875
2025-09-16T14:17:35,-0.44207763671875,0.3365020751953125,-1.1291961669921875
2025-09-16T14:17:36,-0.44207763671875,0.3365020751953125,-1.1291961669921875
2025-09-16T14:17:37,-0.44207763671875,0.3365020751953125,-1.1291961669921875
2025-09-16T14:17:39,-0.44207763671875,0.3365020751953125,-1.1291961669921875
2025-09-16T14:17:40,-0.44207763671875,0.3365020751953125,-1.1291961669921875
2025-09-16T14:17:41,-0.44207763671875,0.3365020751953125,-1.1291961669921875
2025-09-16T14:17:42,-0.44207763671875,0.3365020751953125,-1.1291961669921875
2025-09-16T14:17:43,-0.44207763671875,0.3365020751953125,-1.1291961669921875
2025-09-16T14:17:44,-0.44207763671875,0.3365020751953125,-1.1291961669921875
2025-09-16T14:17:45,-0.44207763671875,0.3365020751953125,-1.1291961669921875
2025-09-16T14:17:46,-0.44207763671875,0.3365020751953125,-1.1291961669921875
2025-09-16T14:17:47,-0.44207763671875,0.3365020751953125,-1.1291961669921875
2025-09-16T14:17:48,-0.44207763671875,0.3365020751953125,-1.1291961669921875
2025-09-16T14:17:49,-0.44207763671875,0.3365020751953125,-1.1291961669921875
2025-09-16T14:17:50,-0.44207763671875,0.3365020751953125,-1.1291961669921875
2025-09-16T14:17:51,-0.44207763671875,0.3365020751953125,-1.1291961669921875
2025-09-16T14:17:52,-0.44207763671875,0.3365020751953125,-1.1291961669921875
2025-09-16T14:17:53,-0.44207763671875,0.3365020751953125,-1.1291961669921875
2025-09-16T14:17:54,-0.44207763671875,0.3365020751953125,-1.1291961669921875
2025-09-16T14:17:55,-0.44207763671875,0.3365020751953125,-1.1291961669921875
2025-09-16T14:17:56,-0.44207763671875,0.3365020751953125,-1.1291961669921875
2025-09-16T14:17:57,-0.44207763671875,0.3365020751953125,-1.1291961669921875
2025-09-16T14:17:58,-0.44207763671875,0.3365020751953125,-1.1291961669921875
2025-09-16T14:17:59,-0.44207763671875,0.3365020751953125,-1.1291961669921875
2025-09-16T14:18:00,-0.44207763671875,0.3365020751953125,-1.1291961669921875
2025-09-16T14:18:01,-0.44207763671875,0.3365020751953125,-1.1291961669921875
2025-09-16T14:18:03,-0.44207763671875,0.3365020751953125,-1.1291961669921875
2025-09-16T14:18:04,-0.44207763671875,0.3365020751953125,-1.1291961669921875
2025-09-16T14:18:05,-0.44207763671875,0.3365020751953125,-1.1291961669921875
2025-09-16T14:18:06,-0.44207763671875,0.3365020751953125,-1.1291961669921875
2025-09-16T14:18:07,-0.44207763671875,0.3365020751953125,-1.1291961669921875
2025-09-16T14:18:08,-0.44207763671875,0.3365020751953125,-1.1291961669921875
2025-09-16T14:18:09,-0.44207763671875,0.3365020751953125,-1.1291961669921875
2025-09-16T14:18:10,-0.44207763671875,0.3365020751953125,-1.1291961669921875
2025-09-16T14:18:11,-0.44207763671875,0.3365020751953125,-1.1291961669921875
2025-09-16T14:18:12,-0.44207763671875,0.3365020751953125,-1.1291961669921875
2025-09-16T14:18:13,-0.44207763671875,0.3365020751953125,-1.1291961669921875
2025-09-16T14:21:32,-0.0284881591796875,-0.4065399169921875,-0.9037322998046875
2025-09-16T14:21:33,-0.0284881591796875,-0.4065399169921875,-0.9037322998046875
2025-09-16T14:21:34,-0.0284881591796875,-0.4065399169921875,-0.9037322998046875
2025-09-16T14:21:35,-0.0284881591796875,-0.4065399169921875,-0.9037322998046875
2025-09-16T14:21:36,-0.0284881591796875,-0.4065399169921875,-0.9037322998046875
2025-09-16T14:21:37,-0.0284881591796875,-0.4065399169921875,-0.9037322998046875
2025-09-16T14:21:38,-0.0284881591796875,-0.4065399169921875,-0.9037322998046875
2025-09-16T14:21:39,-0.0284881591796875,-0.4065399169921875,-0.9037322998046875
2025-09-16T14:21:40,-0.0284881591796875,-0.4065399169921875,-0.9037322998046875
2025-09-16T14:21:42,-0.0284881591796875,-0.4065399169921875,-0.9037322998046875
2025-09-16T14:21:43,-0.0284881591796875,-0.4065399169921875,-0.9037322998046875
2025-09-16T14:21:44,-0.0284881591796875,-0.4065399169921875,-0.9037322998046875
2025-09-16T14:21:45,-0.0284881591796875,-0.4065399169921875,-0.9037322998046875
2025-09-16T14:21:46,-0.0284881591796875,-0.4065399169921875,-0.9037322998046875
2025-09-16T14:21:47,-0.0284881591796875,-0.4065399169921875,-0.9037322998046875
2025-09-16T14:21:48,-0.0284881591796875,-0.4065399169921875,-0.9037322998046875
2025-09-16T14:21:49,-0.0284881591796875,-0.4065399169921875,-0.9037322998046875
2025-09-16T14:21:50,-0.0284881591796875,-0.4065399169921875,-0.9037322998046875
2025-09-16T14:21:51,-0.0284881591796875,-0.4065399169921875,-0.9037322998046875
2025-09-16T14:21:52,-0.0284881591796875,-0.4065399169921875,-0.9037322998046875
2025-09-16T14:21:53,-0.0284881591796875,-0.4065399169921875,-0.9037322998046875
2025-09-16T14:21:54,-0.0284881591796875,-0.4065399169921875,-0.9037322998046875
2025-09-16T14:21:55,-0.0284881591796875,-0.4065399169921875,-0.9037322998046875
2025-09-16T14:21:56,-0.0284881591796875,-0.4065399169921875,-0.9037322998046875
2025-09-16T14:21:57,-0.0284881591796875,-0.4065399169921875,-0.9037322998046875
2025-09-16T14:21:58,-0.0284881591796875,-0.4065399169921875,-0.9037322998046875
2025-09-16T14:21:59,-0.0284881591796875,-0.4065399169921875,-0.9037322998046875
2025-09-16T14:22:00,-0.0284881591796875,-0.4065399169921875,-0.9037322998046875
2025-09-16T14:22:01,-0.0284881591796875,-0.4065399169921875,-0.9037322998046875
2025-09-16T14:22:02,-0.0284881591796875,-0.4065399169921875,-0.9037322998046875
2025-09-16T14:22:03,-0.0284881591796875,-0.4065399169921875,-0.9037322998046875
2025-09-16T14:22:04,-0.0284881591796875,-0.4065399169921875,-0.9037322998046875
2025-09-16T14:22:05,-0.0284881591796875,-0.4065399169921875,-0.9037322998046875
2025-09-16T14:22:06,-0.0284881591796875,-0.4065399169921875,-0.9037322998046875
2025-09-16T14:22:07,-0.0284881591796875,-0.4065399169921875,-0.9037322998046875
2025-09-16T14:22:09,-0.0284881591796875,-0.4065399169921875,-0.9037322998046875
2025-09-16T14:22:10,-0.0284881591796875,-0.4065399169921875,-0.9037322998046875
2025-09-16T14:22:11,-0.0284881591796875,-0.4065399169921875,-0.9037322998046875
2025-09-16T14:22:12,-0.0284881591796875,-0.4065399169921875,-0.9037322998046875
2025-09-16T14:22:13,-0.0284881591796875,-0.4065399169921875,-0.9037322998046875
2025-09-16T14:22:14,-0.0284881591796875,-0.4065399169921875,-0.9037322998046875
2025-09-16T14:22:15,-0.0284881591796875,-0.4065399169921875,-0.9037322998046875
2025-09-16T14:22:16,-0.0284881591796875,-0.4065399169921875,-0.9037322998046875
2025-09-16T14:22:17,-0.0284881591796875,-0.4065399169921875,-0.9037322998046875
2025-09-16T14:22:18,-0.0284881591796875,-0.4065399169921875,-0.9037322998046875
2025-09-16T14:22:19,-0.0284881591796875,-0.4065399169921875,-0.9037322998046875
2025-09-16T14:22:20,-0.0284881591796875,-0.4065399169921875,-0.9037322998046875
2025-09-16T14:22:21,-0.0284881591796875,-0.4065399169921875,-0.9037322998046875
2025-09-16T14:22:22,-0.0284881591796875,-0.4065399169921875,-0.9037322998046875
2025-09-16T14:22:23,-0.0284881591796875,-0.4065399169921875,-0.9037322998046875
2025-09-16T14:22:24,-0.0284881591796875,-0.4065399169921875,-0.9037322998046875
2025-09-16T14:22:25,-0.0284881591796875,-0.4065399169921875,-0.9037322998046875
2025-09-16T14:22:26,-0.0284881591796875,-0.4065399169921875,-0.9037322998046875
2025-09-16T14:22:27,-0.0284881591796875,-0.4065399169921875,-0.9037322998046875
2025-09-16T14:22:28,-0.0284881591796875,-0.4065399169921875,-0.9037322998046875
2025-09-16T14:22:29,-0.0284881591796875,-0.4065399169921875,-0.9037322998046875
2025-09-16T14:22:30,-0.0284881591796875,-0.4065399169921875,-0.9037322998046875
2025-09-16T14:22:32,-0.0284881591796875,-0.4065399169921875,-0.9037322998046875
2025-09-16T14:22:33,-0.0284881591796875,-0.4065399169921875,-0.9037322998046875
2025-09-16T14:22:34,-0.0284881591796875,-0.4065399169921875,-0.9037322998046875
2025-09-16T14:22:35,-0.0284881591796875,-0.4065399169921875,-0.9037322998046875
2025-09-16T14:22:36,-0.0284881591796875,-0.4065399169921875,-0.9037322998046875
2025-09-16T14:22:37,-0.0284881591796875,-0.4065399169921875,-0.9037322998046875
2025-09-16T14:22:38,-0.0284881591796875,-0.4065399169921875,-0.9037322998046875
2025-09-16T14:22:39,-0.0284881591796875,-0.4065399169921875,-0.9037322998046875
2025-09-16T14:22:40,-0.0284881591796875,-0.4065399169921875,-0.9037322998046875
2025-09-16T14:22:41,-0.0284881591796875,-0.4065399169921875,-0.9037322998046875
2025-09-16T14:22:42,-0.0284881591796875,-0.4065399169921875,-0.9037322998046875
2025-09-16T14:22:43,-0.0284881591796875,-0.4065399169921875,-0.9037322998046875
2025-09-16T14:22:44,-0.0284881591796875,-0.4065399169921875,-0.9037322998046875
2025-09-16T14:22:45,-0.0284881591796875,-0.4065399169921875,-0.9037322998046875
2025-09-16T14:22:46,-0.0284881591796875,-0.4065399169921875,-0.9037322998046875
2025-09-16T14:22:47,-0.0284881591796875,-0.4065399169921875,-0.9037322998046875
2025-09-16T14:22:48,-0.0284881591796875,-0.4065399169921875,-0.9037322998046875
2025-09-16T14:22:49,-0.0284881591796875,-0.4065399169921875,-0.9037322998046875
2025-09-16T14:22:51,-0.0284881591796875,-0.4065399169921875,-0.9037322998046875
2025-09-16T14:22:52,-0.0284881591796875,-0.4065399169921875,-0.9037322998046875
2025-09-16T14:22:53,-0.0284881591796875,-0.4065399169921875,-0.9037322998046875
2025-09-16T14:22:54,-0.0284881591796875,-0.4065399169921875,-0.9037322998046875
2025-09-16T14:22:55,-0.0284881591796875,-0.4065399169921875,-0.9037322998046875
2025-09-16T14:22:56,-0.0284881591796875,-0.4065399169921875,-0.9037322998046875
2025-09-16T14:22:57,-0.0284881591796875,-0.4065399169921875,-0.9037322998046875
2025-09-16T14:22:58,-0.0284881591796875,-0.4065399169921875,-0.9037322998046875
2025-09-16T14:22:59,-0.0284881591796875,-0.4065399169921875,-0.9037322998046875
2025-09-16T14:23:00,-0.0284881591796875,-0.4065399169921875,-0.9037322998046875
2025-09-16T14:23:01,-0.0284881591796875,-0.4065399169921875,-0.9037322998046875
2025-09-16T14:23:02,-0.0284881591796875,-0.4065399169921875,-0.9037322998046875
2025-09-16T14:23:03,-0.0284881591796875,-0.4065399169921875,-0.9037322998046875
2025-09-16T14:23:04,-0.0284881591796875,-0.4065399169921875,-0.9037322998046875
2025-09-16T14:23:05,-0.0284881591796875,-0.4065399169921875,-0.9037322998046875
2025-09-16T14:23:06,-0.0284881591796875,-0.4065399169921875,-0.9037322998046875
2025-09-16T14:23:07,-0.0284881591796875,-0.4065399169921875,-0.9037322998046875
2025-09-16T14:23:08,-0.0284881591796875,-0.4065399169921875,-0.9037322998046875
2025-09-16T14:23:09,-0.0284881591796875,-0.4065399169921875,-0.9037322998046875
2025-09-16T14:23:10,-0.0284881591796875,-0.4065399169921875,-0.9037322998046875
2025-09-16T14:23:12,-0.0284881591796875,-0.4065399169921875,-0.9037322998046875
2025-09-16T14:23:13,-0.0284881591796875,-0.4065399169921875,-0.9037322998046875
2025-09-16T14:23:14,-0.0284881591796875,-0.4065399169921875,-0.9037322998046875
2025-09-16T14:23:15,-0.0284881591796875,-0.4065399169921875,-0.9037322998046875
2025-09-16T14:23:16,-0.0284881591796875,-0.4065399169921875,-0.9037322998046875
2025-09-16T14:23:17,-0.0284881591796875,-0.4065399169921875,-0.9037322998046875
2025-09-16T14:23:18,-0.0284881591796875,-0.4065399169921875,-0.9037322998046875
2025-09-16T14:23:19,-0.0284881591796875,-0.4065399169921875,-0.9037322998046875
2025-09-16T14:23:20,-0.0284881591796875,-0.4065399169921875,-0.9037322998046875
2025-09-16T14:23:21,-0.0284881591796875,-0.4065399169921875,-0.9037322998046875
2025-09-16T14:23:22,-0.0284881591796875,-0.4065399169921875,-0.9037322998046875
2025-09-16T14:23:23,-0.0284881591796875,-0.4065399169921875,-0.9037322998046875
2025-09-16T14:23:24,-0.0284881591796875,-0.4065399169921875,-0.9037322998046875
2025-09-16T14:23:25,-0.0284881591796875,-0.4065399169921875,-0.9037322998046875
2025-09-16T14:23:26,-0.0284881591796875,-0.4065399169921875,-0.9037322998046875
2025-09-16T14:23:27,-0.0284881591796875,-0.4065399169921875,-0.9037322998046875
2025-09-16T14:23:28,-0.0284881591796875,-0.4065399169921875,-0.9037322998046875
2025-09-16T14:23:29,-0.0284881591796875,-0.4065399169921875,-0.9037322998046875
2025-09-16T14:23:30,-0.0284881591796875,-0.4065399169921875,-0.9037322998046875
2025-09-16T14:23:31,-0.0284881591796875,-0.4065399169921875,-0.9037322998046875
2025-09-16T14:23:32,-0.0284881591796875,-0.4065399169921875,-0.9037322998046875
2025-09-16T14:23:33,-0.0284881591796875,-0.4065399169921875,-0.9037322998046875
2025-09-16T14:29:01,,,
2025-09-16T14:29:02,,,
2025-09-16T14:29:03,,,
2025-09-16T14:29:04,,,
2025-09-16T14:29:06,,,
2025-09-16T14:29:07,,,
2025-09-16T14:29:08,,,
2025-09-16T14:29:09,,,
2025-09-16T14:29:10,,,
2025-09-16T14:29:11,,,
2025-09-16T14:29:12,,,
2025-09-16T14:30:18,-0.0503387451171875,-0.394195556640625,-0.9127044677734375
2025-09-16T14:30:19,-0.0503387451171875,-0.394195556640625,-0.9127044677734375
2025-09-16T14:30:20,-0.0503387451171875,-0.394195556640625,-0.9127044677734375
2025-09-16T14:30:21,-0.0503387451171875,-0.394195556640625,-0.9127044677734375
2025-09-16T14:30:22,-0.0503387451171875,-0.394195556640625,-0.9127044677734375
2025-09-16T14:30:23,-0.0503387451171875,-0.394195556640625,-0.9127044677734375
2025-09-16T14:30:24,-0.0503387451171875,-0.394195556640625,-0.9127044677734375
2025-09-16T14:30:25,-0.0503387451171875,-0.394195556640625,-0.9127044677734375
2025-09-16T14:30:26,-0.0503387451171875,-0.394195556640625,-0.9127044677734375
2025-09-16T14:30:27,-0.0503387451171875,-0.394195556640625,-0.9127044677734375
2025-09-16T14:30:28,-0.0503387451171875,-0.394195556640625,-0.9127044677734375
2025-09-16T14:30:29,-0.0503387451171875,-0.394195556640625,-0.9127044677734375
2025-09-16T14:30:30,-0.0503387451171875,-0.394195556640625,-0.9127044677734375
2025-09-16T14:30:31,-0.0503387451171875,-0.394195556640625,-0.9127044677734375
2025-09-16T14:30:32,-0.0503387451171875,-0.394195556640625,-0.9127044677734375
2025-09-16T14:30:33,-0.0503387451171875,-0.394195556640625,-0.9127044677734375
2025-09-16T14:30:34,-0.0503387451171875,-0.394195556640625,-0.9127044677734375
2025-09-16T14:30:35,-0.0503387451171875,-0.394195556640625,-0.9127044677734375
2025-09-16T14:30:36,-0.0503387451171875,-0.394195556640625,-0.9127044677734375
2025-09-16T14:30:38,-0.0503387451171875,-0.394195556640625,-0.9127044677734375
2025-09-16T14:30:39,-0.0503387451171875,-0.394195556640625,-0.9127044677734375
2025-09-16T14:30:40,-0.0503387451171875,-0.394195556640625,-0.9127044677734375
2025-09-16T14:30:41,-0.0503387451171875,-0.394195556640625,-0.9127044677734375
2025-09-16T14:30:42,-0.0503387451171875,-0.394195556640625,-0.9127044677734375
2025-09-16T14:30:43,-0.0503387451171875,-0.394195556640625,-0.9127044677734375
2025-09-16T14:30:44,-0.0503387451171875,-0.394195556640625,-0.9127044677734375
2025-09-16T14:30:45,-0.0503387451171875,-0.394195556640625,-0.9127044677734375
2025-09-16T14:30:46,-0.0503387451171875,-0.394195556640625,-0.9127044677734375
2025-09-16T14:30:47,-0.0503387451171875,-0.394195556640625,-0.9127044677734375
2025-09-16T14:30:48,-0.0503387451171875,-0.394195556640625,-0.9127044677734375
2025-09-16T14:30:49,-0.0503387451171875,-0.394195556640625,-0.9127044677734375
2025-09-16T14:30:50,-0.0503387451171875,-0.394195556640625,-0.9127044677734375
2025-09-16T14:30:51,-0.0503387451171875,-0.394195556640625,-0.9127044677734375
2025-09-16T14:30:52,-0.0503387451171875,-0.394195556640625,-0.9127044677734375
2025-09-16T14:30:53,-0.0503387451171875,-0.394195556640625,-0.9127044677734375
2025-09-16T14:30:54,-0.0503387451171875,-0.394195556640625,-0.9127044677734375
2025-09-16T14:30:55,-0.0503387451171875,-0.394195556640625,-0.9127044677734375
2025-09-16T14:30:56,-0.0503387451171875,-0.394195556640625,-0.9127044677734375
2025-09-16T14:30:57,-0.0503387451171875,-0.394195556640625,-0.9127044677734375
2025-09-16T14:30:58,-0.0503387451171875,-0.394195556640625,-0.9127044677734375
2025-09-16T14:30:59,-0.0503387451171875,-0.394195556640625,-0.9127044677734375
2025-09-16T14:31:00,-0.0503387451171875,-0.394195556640625,-0.9127044677734375
2025-09-16T14:31:02,-0.0503387451171875,-0.394195556640625,-0.9127044677734375
2025-09-16T14:31:03,-0.0503387451171875,-0.394195556640625,-0.9127044677734375
2025-09-16T14:31:04,-0.0503387451171875,-0.394195556640625,-0.9127044677734375
2025-09-16T14:31:05,-0.0503387451171875,-0.394195556640625,-0.9127044677734375
2025-09-16T14:31:06,-0.0503387451171875,-0.394195556640625,-0.9127044677734375
2025-09-16T14:31:07,-0.0503387451171875,-0.394195556640625,-0.9127044677734375
2025-09-16T14:31:08,-0.0503387451171875,-0.394195556640625,-0.9127044677734375
2025-09-16T14:31:09,-0.0503387451171875,-0.394195556640625,-0.9127044677734375
2025-09-16T14:31:10,-0.0503387451171875,-0.394195556640625,-0.9127044677734375
2025-09-16T14:31:11,-0.0503387451171875,-0.394195556640625,-0.9127044677734375
2025-09-16T14:31:12,-0.0503387451171875,-0.394195556640625,-0.9127044677734375
2025-09-16T14:31:13,-0.0503387451171875,-0.394195556640625,-0.9127044677734375
2025-09-16T14:31:14,-0.0503387451171875,-0.394195556640625,-0.9127044677734375
2025-09-16T14:31:15,-0.0503387451171875,-0.394195556640625,-0.9127044677734375
2025-09-16T14:31:16,-0.0503387451171875,-0.394195556640625,-0.9127044677734375
2025-09-16T14:31:17,-0.0503387451171875,-0.394195556640625,-0.9127044677734375
2025-09-16T14:31:18,-0.0503387451171875,-0.394195556640625,-0.9127044677734375
2025-09-16T14:31:19,-0.0503387451171875,-0.394195556640625,-0.9127044677734375
2025-09-16T14:31:20,-0.0503387451171875,-0.394195556640625,-0.9127044677734375
2025-09-16T14:31:21,-0.0503387451171875,-0.394195556640625,-0.9127044677734375
2025-09-16T14:31:22,-0.0503387451171875,-0.394195556640625,-0.9127044677734375
2025-09-16T14:31:23,-0.0503387451171875,-0.394195556640625,-0.9127044677734375
2025-09-16T14:31:24,-0.0503387451171875,-0.394195556640625,-0.9127044677734375
2025-09-16T14:31:25,-0.0503387451171875,-0.394195556640625,-0.9127044677734375
2025-09-16T14:31:27,-0.0503387451171875,-0.394195556640625,-0.9127044677734375
2025-09-16T14:31:28,-0.0503387451171875,-0.394195556640625,-0.9127044677734375
2025-09-16T14:31:29,-0.0503387451171875,-0.394195556640625,-0.9127044677734375
2025-09-16T14:31:30,-0.0503387451171875,-0.394195556640625,-0.9127044677734375
2025-09-16T14:31:31,-0.0503387451171875,-0.394195556640625,-0.9127044677734375
2025-09-16T14:31:32,-0.0503387451171875,-0.394195556640625,-0.9127044677734375
2025-09-16T14:31:33,-0.0503387451171875,-0.394195556640625,-0.9127044677734375
2025-09-16T14:31:34,-0.0503387451171875,-0.394195556640625,-0.9127044677734375
2025-09-16T14:31:35,-0.0503387451171875,-0.394195556640625,-0.9127044677734375
2025-09-16T14:31:36,-0.0503387451171875,-0.394195556640625,-0.9127044677734375
2025-09-16T14:31:37,-0.0503387451171875,-0.394195556640625,-0.9127044677734375
2025-09-16T14:31:38,-0.0503387451171875,-0.394195556640625,-0.9127044677734375
2025-09-16T14:31:39,-0.0503387451171875,-0.394195556640625,-0.9127044677734375
2025-09-16T14:31:40,-0.0503387451171875,-0.394195556640625,-0.9127044677734375
2025-09-16T14:31:41,-0.0503387451171875,-0.394195556640625,-0.9127044677734375
2025-09-16T14:31:42,-0.0503387451171875,-0.394195556640625,-0.9127044677734375
2025-09-16T14:31:43,-0.0503387451171875,-0.394195556640625,-0.9127044677734375
2025-09-16T14:31:44,-0.0503387451171875,-0.394195556640625,-0.9127044677734375
2025-09-16T14:31:45,-0.0503387451171875,-0.394195556640625,-0.9127044677734375
2025-09-16T14:31:46,-0.0503387451171875,-0.394195556640625,-0.9127044677734375
2025-09-16T14:31:47,-0.0503387451171875,-0.394195556640625,-0.9127044677734375
2025-09-16T14:31:49,-0.0503387451171875,-0.394195556640625,-0.9127044677734375
2025-09-16T14:31:50,-0.0503387451171875,-0.394195556640625,-0.9127044677734375
2025-09-16T14:31:51,-0.0503387451171875,-0.394195556640625,-0.9127044677734375
2025-09-16T14:31:52,-0.0503387451171875,-0.394195556640625,-0.9127044677734375
2025-09-16T14:31:53,-0.0503387451171875,-0.394195556640625,-0.9127044677734375
2025-09-16T14:31:54,-0.0503387451171875,-0.394195556640625,-0.9127044677734375
2025-09-16T14:31:55,-0.0503387451171875,-0.394195556640625,-0.9127044677734375
2025-09-16T14:31:56,-0.0503387451171875,-0.394195556640625,-0.9127044677734375
2025-09-16T14:31:57,-0.0503387451171875,-0.394195556640625,-0.9127044677734375
2025-09-16T14:31:58,-0.0503387451171875,-0.394195556640625,-0.9127044677734375
2025-09-16T14:31:59,-0.0503387451171875,-0.394195556640625,-0.9127044677734375
2025-09-16T14:32:00,-0.0503387451171875,-0.394195556640625,-0.9127044677734375
2025-09-16T14:32:01,-0.0503387451171875,-0.394195556640625,-0.9127044677734375
2025-09-16T14:32:02,-0.0503387451171875,-0.394195556640625,-0.9127044677734375
2025-09-16T14:32:03,-0.0503387451171875,-0.394195556640625,-0.9127044677734375
2025-09-16T14:32:04,-0.0503387451171875,-0.394195556640625,-0.9127044677734375
2025-09-16T14:32:05,-0.0503387451171875,-0.394195556640625,-0.9127044677734375
2025-09-16T14:32:06,-0.0503387451171875,-0.394195556640625,-0.9127044677734375
2025-09-16T14:32:07,-0.0503387451171875,-0.394195556640625,-0.9127044677734375
2025-09-16T14:32:08,-0.0503387451171875,-0.394195556640625,-0.9127044677734375
2025-09-16T14:32:09,-0.0503387451171875,-0.394195556640625,-0.9127044677734375
2025-09-16T14:32:10,-0.0503387451171875,-0.394195556640625,-0.9127044677734375
2025-09-16T14:32:11,-0.0503387451171875,-0.394195556640625,-0.9127044677734375
2025-09-16T14:32:13,-0.0503387451171875,-0.394195556640625,-0.9127044677734375
2025-09-16T14:32:14,-0.0503387451171875,-0.394195556640625,-0.9127044677734375
2025-09-16T14:32:15,-0.0503387451171875,-0.394195556640625,-0.9127044677734375
2025-09-16T14:32:16,-0.0503387451171875,-0.394195556640625,-0.9127044677734375
2025-09-16T14:32:17,-0.0503387451171875,-0.394195556640625,-0.9127044677734375
2025-09-16T14:32:18,-0.0503387451171875,-0.394195556640625,-0.9127044677734375
2025-09-16T14:32:19,-0.0503387451171875,-0.394195556640625,-0.9127044677734375
2025-09-16T14:32:20,-0.0503387451171875,-0.394195556640625,-0.9127044677734375
2025-09-16T14:32:21,-0.0503387451171875,-0.394195556640625,-0.9127044677734375
2025-09-16T14:32:22,-0.0503387451171875,-0.394195556640625,-0.9127044677734375
2025-09-16T14:32:23,-0.0503387451171875,-0.394195556640625,-0.9127044677734375
2025-09-16T14:32:24,-0.0503387451171875,-0.394195556640625,-0.9127044677734375
2025-09-16T14:32:25,-0.0503387451171875,-0.394195556640625,-0.9127044677734375
2025-09-16T14:32:26,-0.0503387451171875,-0.394195556640625,-0.9127044677734375
2025-09-16T14:32:27,-0.0503387451171875,-0.394195556640625,-0.9127044677734375
2025-09-16T14:32:28,-0.0503387451171875,-0.394195556640625,-0.9127044677734375
2025-09-16T14:32:29,-0.0503387451171875,-0.394195556640625,-0.9127044677734375
2025-09-16T14:32:30,-0.0503387451171875,-0.394195556640625,-0.9127044677734375
2025-09-16T14:32:32,-0.0503387451171875,-0.394195556640625,-0.9127044677734375
2025-09-16T14:32:33,-0.0503387451171875,-0.394195556640625,-0.9127044677734375
2025-09-16T14:32:34,-0.0503387451171875,-0.394195556640625,-0.9127044677734375
2025-09-16T14:32:35,-0.0503387451171875,-0.394195556640625,-0.9127044677734375
2025-09-16T14:32:36,-0.0503387451171875,-0.394195556640625,-0.9127044677734375
2025-09-16T14:32:37,-0.0503387451171875,-0.394195556640625,-0.9127044677734375
2025-09-16T14:32:38,-0.0503387451171875,-0.394195556640625,-0.9127044677734375
2025-09-16T14:32:39,-0.0503387451171875,-0.394195556640625,-0.9127044677734375
2025-09-16T14:32:40,-0.0503387451171875,-0.394195556640625,-0.9127044677734375
2025-09-16T14:32:41,-0.0503387451171875,-0.394195556640625,-0.9127044677734375
2025-09-16T14:32:42,-0.0503387451171875,-0.394195556640625,-0.9127044677734375
2025-09-16T14:32:43,-0.0503387451171875,-0.394195556640625,-0.9127044677734375
2025-09-16T14:32:44,-0.0503387451171875,-0.394195556640625,-0.9127044677734375
2025-09-16T14:32:45,-0.0503387451171875,-0.394195556640625,-0.9127044677734375
2025-09-16T14:32:46,-0.0503387451171875,-0.394195556640625,-0.9127044677734375
2025-09-16T14:32:47,-0.0503387451171875,-0.394195556640625,-0.9127044677734375
2025-09-16T14:32:48,-0.0503387451171875,-0.394195556640625,-0.9127044677734375
2025-09-16T14:32:49,-0.0503387451171875,-0.394195556640625,-0.9127044677734375
2025-09-16T14:32:50,-0.0503387451171875,-0.394195556640625,-0.9127044677734375
2025-09-16T14:32:51,-0.0503387451171875,-0.394195556640625,-0.9127044677734375
2025-09-16T14:32:53,-0.0503387451171875,-0.394195556640625,-0.9127044677734375
2025-09-16T14:32:54,-0.0503387451171875,-0.394195556640625,-0.9127044677734375
2025-09-16T14:32:55,-0.0503387451171875,-0.394195556640625,-0.9127044677734375
2025-09-16T14:32:56,-0.0503387451171875,-0.394195556640625,-0.9127044677734375
2025-09-16T14:32:57,-0.0503387451171875,-0.394195556640625,-0.9127044677734375
2025-09-16T14:32:58,-0.0503387451171875,-0.394195556640625,-0.9127044677734375
2025-09-16T14:32:59,-0.0503387451171875,-0.394195556640625,-0.9127044677734375
2025-09-16T14:33:00,-0.0503387451171875,-0.394195556640625,-0.9127044677734375
2025-09-16T14:33:01,-0.0503387451171875,-0.394195556640625,-0.9127044677734375
2025-09-16T14:33:02,-0.0503387451171875,-0.394195556640625,-0.9127044677734375
2025-09-16T14:33:03,-0.0503387451171875,-0.394195556640625,-0.9127044677734375
2025-09-16T14:33:04,-0.0503387451171875,-0.394195556640625,-0.9127044677734375
2025-09-16T14:33:05,-0.0503387451171875,-0.394195556640625,-0.9127044677734375
2025-09-16T14:33:06,-0.0503387451171875,-0.394195556640625,-0.9127044677734375
