pc_timestamp_iso,dev_timestamp_ms,x_dps,y_dps,z_dps
2025-08-25T09:47:08.855859+00:00,3797212,0.183105,0.12207,-0.305176
2025-08-25T09:47:10.856020+00:00,3799212,0.183105,0.0,-0.366211
2025-08-25T09:47:12.856048+00:00,3801212,-0.12207,0.183105,-0.366211
2025-08-25T09:47:14.856057+00:00,3803212,0.061035,0.061035,-0.305176
2025-08-25T09:47:16.855853+00:00,3805212,-0.061035,0.12207,-0.366211
2025-08-25T09:47:18.855735+00:00,3807212,0.0,0.12207,-0.305176
2025-08-25T09:47:20.855804+00:00,3809212,-0.12207,0.305176,-0.427246
2025-08-25T09:47:22.855912+00:00,3811212,1.403809,-1.586914,0.549316
2025-08-25T09:47:24.855622+00:00,3813212,39.367676,-213.684082,208.190918
2025-08-25T09:47:26.855569+00:00,3815212,62.37793,267.883301,124.389648
2025-08-25T09:47:28.855479+00:00,3817212,-174.01123,12.268066,-409.179687
2025-08-25T09:47:30.855568+00:00,3819212,-246.337891,331.90918,-263.427734
2025-08-25T09:47:32.855446+00:00,3821212,-150.32959,108.093262,-513.73291
2025-08-25T09:47:34.855346+00:00,3823212,131.652832,6.530762,405.639648
2025-08-25T09:47:36.855504+00:00,3825212,-31.738281,-118.469238,-124.267578
2025-08-25T09:47:38.855482+00:00,3827212,-203.613281,373.657227,-141.052246
2025-08-25T09:47:40.855544+00:00,3829212,46.447754,-165.039062,228.149414
2025-08-25T09:47:42.855548+00:00,3831212,-102.355957,371.337891,-206.115723
2025-08-25T09:47:44.855434+00:00,3833212,8.605957,-72.143555,-485.107422
2025-08-25T09:47:46.855417+00:00,3835212,68.42041,-121.643066,660.15625
2025-08-25T09:47:48.855299+00:00,3837212,-304.077148,169.921875,10.925293
2025-08-25T09:47:50.855777+00:00,3839212,-35.644531,-63.842773,-384.887695
2025-08-25T09:47:52.855380+00:00,3841212,60.913086,-126.342773,-445.19043
2025-08-25T09:47:54.855336+00:00,3843212,-78.735352,-55.480957,-490.112305
2025-08-25T09:47:56.855291+00:00,3845212,57.128906,-161.987305,-52.856445
2025-08-25T09:47:58.855439+00:00,3847212,4.150391,-178.955078,579.528809
2025-08-25T09:48:00.855398+00:00,3849212,13.000488,48.217773,489.440918
2025-08-25T09:48:02.855573+00:00,3851212,3.051758,-60.546875,-240.41748
2025-08-25T09:48:04.855224+00:00,3853212,-118.896484,-133.178711,-212.646484
2025-08-25T09:48:06.855348+00:00,3855212,762.939453,537.597656,-336.303711
2025-08-25T09:48:08.855482+00:00,3857212,-4.333496,-50.598145,-347.229004
2025-08-25T09:48:10.854975+00:00,3859212,-64.331055,-10.009766,-104.431152
2025-08-25T09:48:12.855588+00:00,3861212,72.265625,-61.035156,346.069336
2025-08-25T09:48:14.855031+00:00,3863212,-287.597656,124.450684,-106.628418
2025-08-25T09:48:16.854980+00:00,3865212,-29.541016,1.586914,-373.779297
2025-08-25T09:48:18.854817+00:00,3867212,-123.474121,81.176758,383.483887
2025-08-25T09:48:20.854826+00:00,3869212,-296.264648,-262.268066,-140.258789
2025-08-25T09:48:22.854923+00:00,3871212,-311.279297,-67.565918,-760.314941
2025-08-25T09:48:24.854777+00:00,3873212,-97.839355,130.615234,-468.933105
2025-08-25T09:48:26.858647+00:00,3875212,-165.649414,417.724609,70.983887
2025-08-25T09:48:28.854568+00:00,3877212,-118.469238,342.346191,239.990234
2025-08-25T09:48:30.854584+00:00,3879212,-65.063477,290.527344,-256.896973
2025-08-25T09:48:32.854544+00:00,3881212,-31.25,-55.175781,28.259277
2025-08-25T09:48:34.855257+00:00,3883212,-132.019043,-178.283691,421.691895
2025-08-25T09:48:36.854906+00:00,3885212,-231.994629,334.899902,55.969238
2025-08-25T09:48:38.854474+00:00,3887212,-81.90918,107.23877,-394.836426
2025-08-25T09:48:40.854392+00:00,3889212,-78.979492,303.100586,-104.431152
2025-08-25T09:48:42.854348+00:00,3891212,-148.31543,288.269043,160.949707
2025-08-25T09:48:44.854488+00:00,3893212,-154.968262,206.787109,353.149414
2025-08-25T09:48:46.854561+00:00,3895212,-263.549805,31.982422,-729.858398
2025-08-25T09:48:48.854382+00:00,3897212,-179.6875,388.122559,4.211426
2025-08-25T09:48:50.872153+00:00,3899212,-146.240234,378.479004,-177.856445
2025-08-25T09:48:52.854265+00:00,3901212,-239.990234,407.592773,44.311523
2025-08-25T09:48:54.854167+00:00,3903212,-289.733887,-117.126465,-567.932129
2025-08-25T09:48:56.854284+00:00,3905212,91.674805,77.331543,330.810547
2025-08-25T09:48:58.854297+00:00,3907212,657.531738,-61.767578,-178.466797
2025-08-25T09:49:00.854201+00:00,3909212,-677.856445,208.557129,32.836914
2025-08-25T09:49:02.854190+00:00,3911212,-311.584473,-107.48291,165.771484
2025-08-25T09:49:04.854096+00:00,3913212,-268.127441,-304.382324,-147.460937
2025-08-25T09:49:06.854161+00:00,3915212,-419.372559,-490.600586,-95.76416
2025-08-25T09:49:08.854328+00:00,3917212,10.559082,-11.657715,52.001953
2025-08-25T09:49:10.854509+00:00,3919212,-55.847168,-54.992676,83.068848
2025-08-25T09:49:12.854449+00:00,3921212,-0.12207,0.732422,-2.319336
2025-08-25T09:49:14.853996+00:00,3923212,-0.854492,7.446289,-1.586914
2025-08-25T09:49:16.853987+00:00,3925212,-11.71875,155.517578,290.710449
2025-08-25T09:49:18.854153+00:00,3927212,13.000488,-79.467773,-433.959961
2025-08-25T09:49:20.853992+00:00,3929212,-143.188477,-113.952637,-293.273926
2025-08-25T09:49:22.854004+00:00,3931212,184.936523,4.577637,-55.053711
2025-08-25T09:49:24.854052+00:00,3933212,-64.941406,56.57959,-4.760742
2025-08-25T09:49:26.854374+00:00,3935212,13.183594,-229.064941,142.39502
2025-08-25T09:49:28.854053+00:00,3937212,-11.230469,49.01123,52.612305
2025-08-25T09:49:30.858168+00:00,3939212,-82.519531,-83.496094,49.194336
2025-08-25T09:49:32.854132+00:00,3941212,-1.098633,-0.549316,0.671387
2025-08-25T09:49:34.854221+00:00,3943212,-2.441406,-1.220703,-2.990723
2025-08-25T09:49:36.854097+00:00,3945212,-0.061035,0.183105,-0.427246
2025-08-25T09:49:38.854190+00:00,3947212,-0.366211,0.183105,-0.305176
2025-08-25T09:49:40.853916+00:00,3949212,76.721191,-70.43457,97.53418
2025-08-25T09:49:42.854131+00:00,3951212,33.447266,59.631348,191.711426
2025-08-25T09:49:44.854144+00:00,3953212,137.634277,953.186035,-119.873047
2025-08-25T09:49:46.854128+00:00,3955212,-443.115234,-146.240234,475.097656
2025-08-25T09:49:48.853962+00:00,3957212,166.19873,312.62207,-75.256348
2025-08-25T09:49:50.854117+00:00,3959212,-297.302246,-754.272461,416.07666
2025-08-25T09:49:52.853928+00:00,3961212,-90.515137,-161.010742,78.674316
2025-08-25T09:49:54.854375+00:00,3963212,136.901855,1002.01416,-201.416016
2025-08-25T09:49:56.854060+00:00,3965212,183.044434,422.729492,-173.095703
2025-08-25T09:49:58.854206+00:00,3967212,84.289551,319.458008,-87.82959
2025-08-25T09:50:00.853834+00:00,3969212,73.974609,365.661621,-100.036621
2025-08-25T09:50:02.853997+00:00,3971212,-162.536621,-721.191406,161.437988
2025-08-25T09:50:04.853750+00:00,3973212,-156.494141,-733.703613,171.142578
2025-08-25T09:50:06.854091+00:00,3975212,296.630859,980.773926,-266.601562
2025-08-25T09:50:08.854637+00:00,3977212,-7.263184,-95.214844,78.918457
2025-08-25T09:50:10.853752+00:00,3979212,-37.109375,-212.524414,140.808105
2025-08-25T09:50:12.853811+00:00,3981212,91.61377,194.580078,-226.68457
2025-08-25T09:50:14.853623+00:00,3983212,-55.114746,-976.013184,443.603516
2025-08-25T09:50:16.853755+00:00,3985212,61.462402,770.446777,-393.432617
2025-08-25T09:50:18.853664+00:00,3987212,57.250977,747.98584,-235.839844
2025-08-25T09:50:20.853571+00:00,3989212,73.486328,342.651367,-244.018555
2025-08-25T09:50:22.854464+00:00,3991212,30.090332,-299.316406,145.935059
2025-08-25T09:50:24.853859+00:00,3993212,26.306152,-405.822754,262.207031
2025-08-25T09:50:26.853645+00:00,3995212,29.23584,-1087.036133,440.612793
2025-08-25T09:50:28.853438+00:00,3997212,-140.136719,567.199707,-72.08252
2025-08-25T09:50:30.853601+00:00,3999212,91.369629,409.606934,-171.142578
2025-08-25T09:50:32.853645+00:00,4001212,-12.695313,-871.826172,457.214355
2025-08-25T09:50:34.853717+00:00,4003212,71.899414,-241.088867,119.628906
2025-08-25T09:50:36.853627+00:00,4005212,-152.526855,639.404297,-79.101562
2025-08-25T09:50:38.853772+00:00,4007212,-112.609863,592.468262,94.970703
2025-08-25T09:50:40.853881+00:00,4009212,41.992187,703.735352,-234.436035
2025-08-25T09:50:42.853367+00:00,4011212,14.404297,641.418457,-341.552734
2025-08-25T09:50:44.853466+00:00,4013212,7.629395,-647.399902,234.313965
2025-08-25T09:50:46.853397+00:00,4015212,-48.583984,-450.256348,126.831055
2025-08-25T09:50:48.853717+00:00,4017212,20.202637,-562.927246,247.802734
2025-08-25T09:50:50.853353+00:00,4019212,-166.625977,-385.314941,176.391602
2025-08-25T09:50:52.854704+00:00,4021212,-37.902832,359.924316,-86.853027
2025-08-25T09:50:54.853815+00:00,4023212,67.626953,755.737305,-210.571289
2025-08-25T09:50:56.854266+00:00,4025212,4.211426,870.056152,-282.592773
2025-08-25T09:50:58.853405+00:00,4027212,21.728516,629.211426,-190.185547
2025-08-25T09:51:00.853691+00:00,4029212,-75.683594,-406.982422,133.972168
2025-08-25T09:51:02.853411+00:00,4031212,81.90918,693.603516,-343.811035
2025-08-25T09:51:04.853110+00:00,4033212,215.209961,902.832031,-383.422852
2025-08-25T09:51:06.853201+00:00,4035212,404.724121,632.141113,-552.368164
2025-08-25T09:51:08.853954+00:00,4037212,126.403809,-128.051758,93.139648
2025-08-25T09:51:10.853077+00:00,4039212,-181.945801,-793.762207,-12.573242
2025-08-25T09:51:12.853392+00:00,4041212,-436.279297,-837.646484,445.739746
2025-08-25T09:51:14.853441+00:00,4043212,-334.716797,-863.525391,-41.015625
2025-08-25T09:51:16.853188+00:00,4045212,89.84375,780.090332,-153.381348
2025-08-25T09:51:18.853465+00:00,4047212,70.556641,-280.578613,388.305664
2025-08-25T09:51:20.853392+00:00,4049212,-699.035645,-941.52832,215.698242
2025-08-25T09:51:22.853212+00:00,4051212,-137.573242,-1053.039551,611.083984
2025-08-25T09:51:24.853661+00:00,4053212,62.194824,627.075195,47.363281
2025-08-25T09:51:26.852861+00:00,4055212,250.183105,819.580078,-277.648926
2025-08-25T09:51:28.852971+00:00,4057212,-330.383301,-811.767578,469.970703
2025-08-25T09:51:30.853090+00:00,4059212,-127.319336,-198.242187,9.521484
2025-08-25T09:51:32.853044+00:00,4061212,125.305176,471.496582,-141.357422
2025-08-25T09:51:34.852710+00:00,4063212,27.099609,222.106934,29.35791
2025-08-25T09:51:36.853203+00:00,4065212,-31.066895,-47.851562,58.044434
2025-08-25T09:51:38.853310+00:00,4067212,-66.833496,32.409668,68.17627
2025-08-25T09:51:40.852993+00:00,4069212,-214.111328,-847.961426,13.549805
2025-08-25T09:51:42.852711+00:00,4071212,167.114258,733.642578,-442.871094
2025-08-25T09:51:44.852934+00:00,4073212,-309.326172,-579.345703,-268.981934
2025-08-25T09:51:46.853084+00:00,4075212,-135.437012,-382.995605,235.656738
2025-08-25T09:51:48.853436+00:00,4077212,209.777832,781.005859,-390.625
2025-08-25T09:51:50.853240+00:00,4079212,229.370117,-964.111328,285.949707
2025-08-25T09:51:52.853903+00:00,4081212,-153.503418,1081.481934,356.811523
2025-08-25T09:51:54.853086+00:00,4083212,-609.49707,-557.739258,-259.521484
2025-08-25T09:51:56.852941+00:00,4085212,-50.720215,-158.081055,455.993652
2025-08-25T09:51:58.852805+00:00,4087212,617.06543,678.344727,172.912598
2025-08-25T09:52:00.853092+00:00,4089212,110.595703,153.930664,-252.197266
2025-08-25T09:52:02.852930+00:00,4091212,867.797852,453.125,-422.058105
2025-08-25T09:52:04.853032+00:00,4093212,-636.71875,-628.479004,187.133789
2025-08-25T09:52:06.852947+00:00,4095212,-302.67334,-318.115234,246.276855
2025-08-25T09:52:08.852769+00:00,4097212,-52.368164,199.584961,-190.429687
2025-08-25T09:52:10.853148+00:00,4099212,294.067383,303.894043,-165.95459
2025-08-25T09:52:12.852700+00:00,4101212,210.510254,443.115234,-78.24707
2025-08-25T09:52:14.852513+00:00,4103212,-243.286133,-328.735352,122.253418
2025-08-25T09:52:16.852575+00:00,4105212,-54.748535,-94.177246,68.725586
2025-08-25T09:52:18.852973+00:00,4107212,-187.194824,-453.735352,94.116211
2025-08-25T09:52:20.852610+00:00,4109212,0.183105,-29.35791,66.40625
2025-08-25T09:52:22.853331+00:00,4111212,47.546387,0.793457,109.741211
2025-08-25T09:52:24.852718+00:00,4113212,-176.574707,-347.473145,86.547852
2025-08-25T09:52:26.852830+00:00,4115212,240.05127,362.976074,-171.875
2025-08-25T09:52:28.852398+00:00,4117212,-309.509277,-591.918945,85.998535
2025-08-25T09:52:30.852248+00:00,4119212,118.652344,312.37793,40.95459
2025-08-25T09:52:32.852765+00:00,4121212,158.813477,690.551758,-285.15625
2025-08-25T09:52:34.852300+00:00,4123212,12.145996,54.138184,87.158203
2025-08-25T09:52:36.852509+00:00,4125212,-68.969727,-46.386719,17.944336
2025-08-25T09:52:38.852545+00:00,4127212,-365.478516,-200.012207,-54.80957
2025-08-25T09:52:40.852231+00:00,4129212,-54.992676,28.686523,103.45459
2025-08-25T09:52:42.852438+00:00,4131212,-163.146973,-344.970703,178.771973
2025-08-25T09:52:44.852188+00:00,4133212,172.180176,827.331543,26.550293
2025-08-25T09:52:46.852137+00:00,4135212,-256.835937,-426.147461,-37.902832
2025-08-25T09:52:48.852421+00:00,4137212,-282.592773,-797.363281,242.492676
2025-08-25T09:52:50.852550+00:00,4139212,192.565918,264.587402,-152.038574
2025-08-25T09:52:52.852295+00:00,4141212,159.484863,493.469238,98.022461
2025-08-25T09:52:54.852630+00:00,4143212,362.304687,692.382813,-304.077148
2025-08-25T09:52:56.852224+00:00,4145212,318.17627,969.726563,-231.567383
2025-08-25T09:52:58.851960+00:00,4147212,335.510254,880.493164,-298.034668
2025-08-25T09:53:00.852475+00:00,4149212,285.522461,1000.549316,-329.040527
2025-08-25T09:53:02.852411+00:00,4151212,258.239746,667.663574,-97.290039
2025-08-25T09:53:04.852001+00:00,4153212,166.503906,405.517578,-28.503418
2025-08-25T09:53:06.852058+00:00,4155212,-350.402832,-583.984375,48.583984
2025-08-25T09:53:08.852600+00:00,4157212,388.549805,424.682617,-145.202637
2025-08-25T09:53:10.852114+00:00,4159212,263.671875,529.418945,-104.858398
2025-08-25T09:53:12.852021+00:00,4161212,-157.104492,-326.171875,64.39209
2025-08-25T09:53:14.851721+00:00,4163212,-307.556152,-688.293457,215.515137
2025-08-25T09:53:16.851597+00:00,4165212,283.447266,685.546875,76.660156
2025-08-25T09:53:18.851641+00:00,4167212,-287.536621,-658.691406,157.836914
2025-08-25T09:53:20.852028+00:00,4169212,207.580566,501.525879,-347.106934
2025-08-25T09:53:22.853356+00:00,4171212,333.068848,417.358398,-411.92627
2025-08-25T09:53:24.851333+00:00,4173212,-2.197266,3.967285,65.246582
2025-08-25T09:53:26.851997+00:00,4175212,-35.400391,89.294434,242.736816
2025-08-25T09:53:28.851634+00:00,4177212,75.927734,267.63916,88.806152
2025-08-25T09:53:30.851623+00:00,4179212,71.899414,191.223145,145.568848
2025-08-25T09:53:32.851564+00:00,4181212,-79.650879,-113.525391,120.178223
2025-08-25T09:53:34.851577+00:00,4183212,-177.91748,-200.683594,161.132812
2025-08-25T09:53:36.851483+00:00,4185212,388.916016,522.155762,-218.933105
2025-08-25T09:53:38.851742+00:00,4187212,1.525879,-38.330078,19.042969
2025-08-25T09:53:40.851471+00:00,4189212,300.231934,378.417969,-92.102051
2025-08-25T09:53:42.851557+00:00,4191212,204.528809,562.744141,-380.065918
2025-08-25T09:53:44.851344+00:00,4193212,-201.23291,-398.864746,39.367676
2025-08-25T09:53:46.850879+00:00,4195212,-364.562988,-650.146484,220.336914
2025-08-25T09:53:48.851014+00:00,4197212,271.972656,478.637695,-444.702148
2025-08-25T09:53:50.850931+00:00,4199212,119.995117,207.519531,-20.874023
2025-08-25T09:53:52.851562+00:00,4201212,-377.380371,-679.626465,171.325684
2025-08-25T09:53:54.851086+00:00,4203212,293.945312,312.683105,-153.625488
2025-08-25T09:53:56.851610+00:00,4205212,143.188477,633.300781,-5.310059
2025-08-25T09:53:58.850821+00:00,4207212,-222.473145,-395.202637,169.799805
2025-08-25T09:54:00.850684+00:00,4209212,-190.917969,-344.177246,81.542969
2025-08-25T09:54:02.850654+00:00,4211212,316.28418,314.086914,-198.059082
2025-08-25T09:54:04.850635+00:00,4213212,-234.619141,-547.424316,89.538574
2025-08-25T09:54:06.850577+00:00,4215212,318.359375,357.849121,-321.105957
2025-08-25T09:54:08.851670+00:00,4217212,162.536621,87.402344,-229.492187
2025-08-25T09:54:10.850871+00:00,4219212,504.638672,196.838379,-343.200684
2025-08-25T09:54:12.850569+00:00,4221212,-162.109375,-164.855957,93.87207
2025-08-25T09:54:14.850596+00:00,4223212,-258.850098,-403.930664,116.882324
2025-08-25T09:54:16.851425+00:00,4225212,169.98291,306.762695,-22.644043
2025-08-25T09:54:18.850852+00:00,4227212,-199.34082,-531.25,215.820312
2025-08-25T09:54:20.850499+00:00,4229212,-312.5,-456.604004,-66.589355
2025-08-25T09:54:22.850888+00:00,4231212,232.055664,617.1875,13.671875
2025-08-25T09:54:24.850567+00:00,4233212,-279.296875,-370.361328,193.969727
2025-08-25T09:54:26.850323+00:00,4235212,-93.75,-100.891113,-1.281738
2025-08-25T09:54:28.850219+00:00,4237212,125.610352,658.630371,-187.37793
2025-08-25T09:54:30.850278+00:00,4239212,-175.292969,-273.071289,280.700684
2025-08-25T09:54:32.850072+00:00,4241212,146.606445,125.0,-174.438477
2025-08-25T09:54:34.850428+00:00,4243212,-253.234863,-529.907227,330.566406
2025-08-25T09:54:36.850124+00:00,4245212,166.320801,262.084961,-14.404297
2025-08-25T09:54:38.851428+00:00,4247212,-235.656738,-694.702148,355.285645
2025-08-25T09:54:40.850607+00:00,4249212,291.19873,427.734375,26.184082
2025-08-25T09:54:42.849866+00:00,4251212,-282.348633,-741.394043,116.516113
2025-08-25T09:54:44.849973+00:00,4253212,372.375488,598.937988,-159.179687
2025-08-25T09:54:46.850176+00:00,4255212,-279.11377,-492.248535,60.668945
2025-08-25T09:54:48.849809+00:00,4257212,-225.463867,-381.774902,276.062012
2025-08-25T09:54:50.849648+00:00,4259212,1267.39502,515.74707,156.799316
2025-08-25T09:54:52.849655+00:00,4261212,-50.90332,27.22168,4.455566
2025-08-25T09:54:54.849854+00:00,4263212,-147.766113,-402.46582,189.880371
2025-08-25T09:54:56.849658+00:00,4265212,-55.908203,-122.558594,15.869141
2025-08-25T09:54:58.850352+00:00,4267212,353.637695,508.300781,-483.215332
2025-08-25T09:55:00.849627+00:00,4269212,163.146973,339.904785,7.263184
2025-08-25T09:55:02.849840+00:00,4271212,-109.375,-134.033203,194.946289
2025-08-25T09:55:04.849841+00:00,4273212,-165.771484,-312.866211,52.67334
2025-08-25T09:55:06.849461+00:00,4275212,361.328125,333.679199,-347.53418
2025-08-25T09:55:08.849667+00:00,4277212,-118.286133,-105.224609,46.325684
2025-08-25T09:55:10.849873+00:00,4279212,366.333008,423.706055,-481.445312
2025-08-25T09:55:12.849383+00:00,4281212,-22.399902,3.601074,83.129883
2025-08-25T09:55:14.849415+00:00,4283212,127.624512,215.576172,8.422852
2025-08-25T09:55:16.849458+00:00,4285212,159.545898,351.5625,0.488281
2025-08-25T09:55:18.849405+00:00,4287212,-82.214355,26.489258,14.465332
2025-08-25T09:55:20.849553+00:00,4289212,-282.348633,-576.23291,268.127441
2025-08-25T09:55:22.849029+00:00,4291212,235.229492,492.1875,-112.243652
2025-08-25T09:55:24.849881+00:00,4293212,-242.126465,-499.206543,70.007324
2025-08-25T09:55:26.849833+00:00,4295212,-27.954102,20.324707,90.881348
2025-08-25T09:55:28.849129+00:00,4297212,195.43457,394.53125,-72.631836
2025-08-25T09:55:30.849041+00:00,4299212,-277.832031,-859.375,227.661133
2025-08-25T09:55:32.848878+00:00,4301212,187.683105,529.35791,-54.260254
2025-08-25T09:55:34.849008+00:00,4303212,-243.164062,-552.55127,212.097168
2025-08-25T09:55:36.848790+00:00,4305212,-230.712891,-784.301758,232.116699
2025-08-25T09:55:38.848695+00:00,4307212,145.202637,852.478027,-168.823242
2025-08-25T09:55:40.848785+00:00,4309212,-222.045898,-920.471191,371.520996
2025-08-25T09:55:42.848522+00:00,4311212,166.870117,372.741699,-56.091309
2025-08-25T09:55:44.848713+00:00,4313212,-49.194336,168.640137,145.507812
2025-08-25T09:55:46.848808+00:00,4315212,-210.144043,-938.598633,174.255371
2025-08-25T09:55:48.848824+00:00,4317212,303.161621,397.216797,-177.246094
2025-08-25T09:55:50.848905+00:00,4319212,96.069336,125.976562,-52.246094
2025-08-25T09:55:52.848651+00:00,4321212,-160.15625,-793.334961,184.509277
2025-08-25T09:55:54.848858+00:00,4323212,117.370605,235.473633,-131.958008
2025-08-25T09:55:56.848896+00:00,4325212,83.618164,-27.709961,-100.219727
2025-08-25T09:55:58.848284+00:00,4327212,6.164551,0.12207,1.831055
2025-08-25T09:56:00.848653+00:00,4329212,0.244141,0.12207,-0.366211
2025-08-25T09:56:02.848229+00:00,4331212,0.305176,-0.793457,-1.403809
2025-08-25T09:56:04.848021+00:00,4333212,-0.12207,0.061035,-0.305176
2025-08-25T09:56:06.848105+00:00,4335212,0.061035,0.244141,-0.305176
2025-08-25T09:56:08.848038+00:00,4337212,0.061035,0.0,-0.244141
2025-08-25T09:56:10.848098+00:00,4339212,-0.183105,0.12207,-0.366211
2025-08-25T09:56:12.847976+00:00,4341212,0.0,0.183105,-0.366211
2025-08-25T09:56:14.848028+00:00,4343212,0.0,0.12207,-0.366211
2025-08-25T09:56:16.848033+00:00,4345212,-0.061035,0.183105,-0.366211
2025-08-25T09:56:18.848105+00:00,4347212,1.220703,0.183105,0.244141
2025-08-25T09:56:20.848079+00:00,4349212,-0.061035,0.12207,-0.366211
2025-08-25T09:56:22.847958+00:00,4351212,0.061035,0.12207,-0.366211
2025-08-25T09:56:24.847896+00:00,4353212,-0.061035,0.183105,-0.427246
2025-08-25T09:56:26.847903+00:00,4355212,0.0,0.183105,-0.366211
2025-08-25T09:56:28.847943+00:00,4357212,-0.366211,0.305176,-0.488281
2025-08-25T09:56:30.847980+00:00,4359212,0.0,0.12207,-0.366211
2025-08-25T09:56:32.847937+00:00,4361212,0.0,0.183105,-0.366211
2025-08-25T09:56:34.847922+00:00,4363212,-0.061035,0.183105,-0.366211
2025-08-25T09:56:36.847799+00:00,4365212,0.061035,0.061035,-0.305176
2025-08-25T09:56:38.847856+00:00,4367212,0.0,0.183105,-0.366211
2025-08-25T09:56:40.847829+00:00,4369212,-0.061035,0.12207,-0.305176
2025-08-25T09:56:42.847731+00:00,4371212,-0.061035,0.183105,-0.366211
2025-08-25T09:56:44.847838+00:00,4373212,-0.061035,0.12207,-0.366211
2025-08-25T09:56:46.847731+00:00,4375212,0.183105,0.12207,-0.305176
2025-08-25T09:56:48.847815+00:00,4377212,-0.183105,0.12207,-0.549316
2025-08-25T09:56:50.847711+00:00,4379212,-0.061035,0.061035,-0.366211
2025-08-25T09:56:52.847617+00:00,4381212,0.12207,0.061035,-0.427246
2025-08-25T09:56:54.847929+00:00,4383212,0.183105,-0.061035,-0.366211
2025-08-25T09:56:56.847577+00:00,4385212,-0.061035,0.183105,-0.366211
2025-08-25T09:56:58.847446+00:00,4387212,-0.366211,0.183105,-0.427246
2025-08-25T09:57:00.847488+00:00,4389212,-0.061035,0.12207,-0.427246
2025-08-25T09:57:02.847380+00:00,4391212,-0.12207,0.12207,-0.366211
2025-08-25T09:57:04.847261+00:00,4393212,-0.12207,0.12207,-0.427246
2025-08-25T09:57:06.847403+00:00,4395212,-0.12207,0.244141,-0.427246
2025-08-25T09:57:08.847240+00:00,4397212,0.061035,0.12207,-0.305176
2025-08-25T09:57:10.847205+00:00,4399212,0.12207,0.12207,-0.305176
2025-08-25T09:57:12.847377+00:00,4401212,0.0,0.12207,-0.305176
2025-08-25T09:57:14.847128+00:00,4403212,-0.183105,0.12207,-0.366211
2025-08-25T09:57:16.847115+00:00,4405212,-0.12207,0.061035,-0.366211
2025-08-25T09:57:18.846944+00:00,4407212,-0.183105,0.183105,-0.366211
2025-08-25T09:57:20.847125+00:00,4409212,0.183105,0.12207,-0.366211
2025-08-25T09:57:22.847057+00:00,4411212,-0.061035,0.061035,-0.366211
2025-08-25T09:57:24.847121+00:00,4413212,0.244141,0.061035,-0.12207
2025-08-25T09:57:26.847124+00:00,4415212,0.0,0.183105,-0.427246
2025-08-25T09:57:28.846929+00:00,4417212,0.061035,0.244141,-0.427246
2025-08-25T09:57:30.846840+00:00,4419212,-0.305176,0.183105,-0.427246
2025-08-25T09:57:32.847026+00:00,4421212,0.061035,0.12207,-0.305176
2025-08-25T09:57:34.846845+00:00,4423212,-0.12207,0.183105,-0.427246
2025-08-25T09:57:36.846896+00:00,4425212,-0.183105,0.183105,-0.366211
2025-08-25T09:57:38.846760+00:00,4427212,0.183105,0.183105,-0.305176
2025-08-25T09:57:40.846695+00:00,4429212,0.061035,0.0,-0.305176
2025-08-25T09:57:42.846976+00:00,4431212,0.061035,0.12207,-0.305176
2025-08-25T09:57:44.846514+00:00,4433212,0.183105,0.183105,-0.305176
2025-08-25T09:57:46.846453+00:00,4435212,-0.061035,0.183105,-0.366211
2025-08-25T09:57:48.846701+00:00,4437212,-0.061035,0.12207,-0.305176
2025-08-25T09:57:50.846505+00:00,4439212,0.12207,0.183105,-0.305176
2025-08-25T09:57:52.846384+00:00,4441212,0.0,0.0,-0.366211
2025-08-25T09:57:54.846602+00:00,4443212,-0.061035,0.12207,-0.366211
2025-08-25T09:57:56.846263+00:00,4445212,0.12207,0.0,-0.305176
2025-08-25T09:57:58.846433+00:00,4447212,-0.061035,0.12207,-0.366211
2025-08-25T09:58:00.846150+00:00,4449212,-0.061035,0.183105,-0.366211
2025-08-25T09:58:02.846049+00:00,4451212,0.12207,0.12207,-0.305176
2025-08-25T09:58:04.846214+00:00,4453212,-0.12207,0.12207,-0.366211
2025-08-25T09:58:06.846308+00:00,4455212,0.0,0.061035,-0.305176
2025-08-25T09:58:08.846378+00:00,4457212,-0.366211,0.12207,-0.427246
2025-08-25T09:58:10.846384+00:00,4459212,-0.305176,0.183105,-0.427246
2025-08-25T09:58:12.846147+00:00,4461212,0.061035,0.183105,-0.305176
2025-08-25T09:58:14.845975+00:00,4463212,-0.12207,0.183105,-0.366211
2025-08-25T09:58:16.846001+00:00,4465212,0.061035,0.0,-0.366211
2025-08-25T09:58:18.845946+00:00,4467212,-0.061035,0.183105,-0.366211
2025-08-25T09:58:20.846036+00:00,4469212,-0.12207,0.061035,-0.366211
2025-08-25T09:58:22.846132+00:00,4471212,-0.183105,0.061035,-0.366211
2025-08-25T09:58:24.846018+00:00,4473212,-0.183105,0.183105,-0.427246
2025-08-25T09:58:26.846086+00:00,4475212,0.12207,0.12207,-0.305176
2025-08-25T09:58:28.846035+00:00,4477212,0.061035,0.183105,-0.366211
2025-08-25T09:58:30.846052+00:00,4479212,0.12207,0.12207,-0.305176
2025-08-25T09:58:32.845901+00:00,4481212,0.061035,0.061035,-0.366211
2025-08-25T09:58:34.847245+00:00,4483212,-0.061035,0.061035,-0.427246
2025-08-25T09:58:36.851107+00:00,4485212,-0.061035,0.183105,-0.366211
2025-08-25T09:58:38.854429+00:00,4487212,0.061035,0.061035,-0.366211
2025-08-25T09:58:40.857136+00:00,4489212,0.0,0.12207,-0.366211
2025-08-25T09:58:42.860011+00:00,4491212,0.0,0.12207,-0.366211
2025-08-25T09:58:44.862142+00:00,4493212,0.12207,0.061035,-0.366211
2025-08-25T09:58:46.864073+00:00,4495212,0.061035,0.12207,-0.305176
2025-08-25T09:58:48.865998+00:00,4497212,0.12207,0.12207,-0.366211
2025-08-25T09:58:50.867402+00:00,4499212,0.061035,0.12207,-0.366211
2025-08-25T09:58:52.868723+00:00,4501212,-0.12207,0.183105,-0.366211
2025-08-25T09:58:54.869727+00:00,4503212,-0.061035,0.12207,-0.366211
2025-08-25T09:58:56.870770+00:00,4505212,-0.061035,0.12207,-0.366211
2025-08-25T09:58:58.871607+00:00,4507212,-0.061035,0.061035,-0.305176
2025-08-25T09:59:00.872430+00:00,4509212,-0.183105,0.061035,-0.427246
2025-08-25T09:59:02.873305+00:00,4511212,-0.061035,0.183105,-0.366211
2025-08-25T09:59:04.873850+00:00,4513212,-0.061035,0.12207,-0.366211
2025-08-25T09:59:06.874371+00:00,4515212,0.0,0.12207,-0.427246
2025-08-25T09:59:08.874697+00:00,4517212,-0.061035,0.061035,-0.366211
2025-08-25T09:59:10.875153+00:00,4519212,-0.12207,0.183105,-0.366211
2025-08-25T09:59:12.875546+00:00,4521212,0.12207,0.12207,-0.366211
2025-08-25T09:59:14.875831+00:00,4523212,0.183105,0.12207,-0.305176
2025-08-25T09:59:16.876474+00:00,4525212,0.12207,0.061035,-0.305176
2025-08-25T09:59:18.876594+00:00,4527212,0.183105,0.061035,-0.305176
2025-08-25T09:59:20.876915+00:00,4529212,0.671387,0.0,-0.305176
2025-08-25T09:59:22.876761+00:00,4531212,-0.549316,0.12207,-0.488281
2025-08-25T09:59:24.876947+00:00,4533212,-0.061035,0.12207,-0.366211
2025-08-25T09:59:26.877058+00:00,4535212,-0.061035,0.061035,-0.366211
2025-08-25T09:59:28.877565+00:00,4537212,-0.244141,0.183105,-0.427246
2025-08-25T09:59:30.877756+00:00,4539212,-0.12207,0.244141,-0.427246
2025-08-25T09:59:32.877864+00:00,4541212,0.12207,0.061035,-0.366211
2025-08-25T09:59:34.877430+00:00,4543212,-0.061035,0.12207,-0.305176
2025-08-25T09:59:36.877497+00:00,4545212,-0.12207,0.183105,-0.305176
2025-08-25T09:59:38.877557+00:00,4547212,0.0,0.12207,-0.305176
2025-08-25T09:59:40.877623+00:00,4549212,-0.12207,0.061035,-0.427246
2025-08-25T09:59:42.877925+00:00,4551212,0.0,0.183105,-0.366211
2025-08-25T09:59:44.877759+00:00,4553212,-0.244141,0.183105,-0.366211
2025-08-25T09:59:46.878355+00:00,4555212,0.12207,0.061035,-0.305176
2025-08-25T09:59:48.877760+00:00,4557212,0.12207,0.183105,-0.305176
2025-08-25T09:59:50.877790+00:00,4559212,-0.12207,0.244141,-0.366211
2025-08-25T09:59:52.877793+00:00,4561212,0.0,0.12207,-0.366211
2025-08-25T09:59:54.878800+00:00,4563212,0.0,0.12207,-0.305176
2025-08-25T09:59:56.877810+00:00,4565212,-0.610352,0.427246,-0.488281
2025-08-25T09:59:58.878042+00:00,4567212,-1.098633,0.12207,-0.488281
2025-08-25T10:00:00.877792+00:00,4569212,-3.662109,0.854492,-4.821777
2025-08-25T10:00:02.877914+00:00,4571212,60.119629,-100.097656,14.831543
2025-08-25T10:00:04.877976+00:00,4573212,-88.928223,22.277832,31.738281
2025-08-25T10:00:06.878123+00:00,4575212,-22.949219,759.765625,-238.464355
2025-08-25T10:00:08.877938+00:00,4577212,-26.367187,670.959473,-194.519043
2025-08-25T10:00:10.878026+00:00,4579212,144.40918,-1004.821777,520.751953
2025-08-25T10:00:12.878052+00:00,4581212,-57.006836,-293.457031,120.300293
2025-08-25T10:00:14.878007+00:00,4583212,-1.89209,-11.291504,1.77002
2025-08-25T10:00:16.877970+00:00,4585212,507.141113,796.936035,-280.761719
2025-08-25T10:00:18.878241+00:00,4587212,39.18457,388.122559,-116.943359
2025-08-25T10:00:20.878115+00:00,4589212,-6.04248,1.89209,-3.295898
2025-08-25T10:00:22.878076+00:00,4591212,8.117676,287.109375,-19.65332
2025-08-25T10:00:24.878097+00:00,4593212,-130.859375,28.503418,-39.794922
2025-08-25T10:00:26.878843+00:00,4595212,5.554199,257.507324,-70.251465
2025-08-25T10:00:28.878020+00:00,4597212,2.502441,669.128418,-127.990723
2025-08-25T10:00:30.883030+00:00,4599212,-8.483887,468.261719,-106.567383
2025-08-25T10:00:32.877889+00:00,4601212,-58.166504,-548.828125,220.52002
2025-08-25T10:00:34.877957+00:00,4603212,13.48877,-480.895996,148.742676
2025-08-25T10:00:36.877944+00:00,4605212,37.719727,751.586914,-131.835937
2025-08-25T10:00:38.877916+00:00,4607212,0.549316,345.092773,-111.938477
2025-08-25T10:00:40.877956+00:00,4609212,-9.033203,243.835449,-63.476562
2025-08-25T10:00:42.877998+00:00,4611212,-14.221191,-78.369141,18.676758
2025-08-25T10:00:44.877875+00:00,4613212,-5.79834,13.183594,-70.19043
2025-08-25T10:00:46.877942+00:00,4615212,36.560059,-4.760742,13.73291
2025-08-25T10:00:48.878285+00:00,4617212,-5.065918,5.493164,-65.063477
2025-08-25T10:00:50.878036+00:00,4619212,95.88623,-23.071289,33.38623
2025-08-25T10:00:52.878336+00:00,4621212,-58.227539,64.331055,-17.63916
2025-08-25T10:00:54.878123+00:00,4623212,-20.385742,-43.334961,94.604492
2025-08-25T10:00:56.878030+00:00,4625212,-53.527832,104.064941,-26.733398
2025-08-25T10:00:58.878163+00:00,4627212,-26.245117,8.666992,-14.770508
2025-08-25T10:01:00.878008+00:00,4629212,-3.967285,0.610352,-8.239746
2025-08-25T10:01:02.878029+00:00,4631212,-2.685547,0.915527,3.173828
2025-08-25T10:01:04.878090+00:00,4633212,-1.342773,-0.610352,0.671387
2025-08-25T10:01:06.878086+00:00,4635212,1.098633,-46.569824,270.507812
2025-08-25T10:01:08.878162+00:00,4637212,-210.754395,368.652344,-164.916992
2025-08-25T10:01:10.878296+00:00,4639212,124.633789,-508.728027,300.292969
2025-08-25T10:01:12.878215+00:00,4641212,205.200195,-468.994141,332.580566
2025-08-25T10:01:14.878164+00:00,4643212,-253.417969,893.249512,82.214355
2025-08-25T10:01:16.878156+00:00,4645212,-93.322754,139.343262,-54.077148
2025-08-25T10:01:18.878142+00:00,4647212,-18.127441,-178.222656,-92.407227
2025-08-25T10:01:20.877963+00:00,4649212,174.01123,-509.94873,372.558594
2025-08-25T10:01:22.878464+00:00,4651212,-142.883301,190.063477,-70.983887
2025-08-25T10:01:24.878361+00:00,4653212,-125.732422,150.634766,-34.057617
2025-08-25T10:01:26.878093+00:00,4655212,172.424316,-245.97168,187.561035
2025-08-25T10:01:28.878109+00:00,4657212,-117.614746,121.520996,-49.804687
2025-08-25T10:01:30.878125+00:00,4659212,232.849121,-364.624023,258.178711
2025-08-25T10:01:32.878078+00:00,4661212,-173.76709,680.114746,-56.70166
2025-08-25T10:01:34.878050+00:00,4663212,-112.182617,215.148926,-46.142578
2025-08-25T10:01:36.878075+00:00,4665212,4.211426,-275.634766,127.624512
2025-08-25T10:01:38.877900+00:00,4667212,-188.354492,618.530273,-73.120117
2025-08-25T10:01:40.878068+00:00,4669212,57.434082,-162.536621,90.393066
2025-08-25T10:01:42.877988+00:00,4671212,-42.053223,218.261719,-137.329102
2025-08-25T10:01:44.877971+00:00,4673212,-139.709473,644.53125,-87.95166
2025-08-25T10:01:46.877930+00:00,4675212,40.893555,162.17041,-115.844727
2025-08-25T10:01:48.877915+00:00,4677212,-178.527832,338.500977,-75.439453
2025-08-25T10:01:50.877925+00:00,4679212,172.241211,-456.604004,204.406738
2025-08-25T10:01:52.878255+00:00,4681212,-116.577148,368.469238,-81.970215
2025-08-25T10:01:54.877993+00:00,4683212,131.652832,-376.342773,209.411621
2025-08-25T10:01:56.877963+00:00,4685212,-112.915039,334.777832,-75.073242
2025-08-25T10:01:58.877913+00:00,4687212,80.383301,-627.868652,387.939453
2025-08-25T10:02:00.877877+00:00,4689212,78.063965,-227.600098,13.977051
2025-08-25T10:02:02.877766+00:00,4691212,-111.206055,232.849121,-83.312988
2025-08-25T10:02:04.877808+00:00,4693212,103.515625,-230.529785,144.165039
2025-08-25T10:02:06.877783+00:00,4695212,-55.236816,716.61377,-154.907227
2025-08-25T10:02:08.877771+00:00,4697212,-1.342773,-5.79834,33.26416
2025-08-25T10:02:10.877728+00:00,4699212,-18.859863,79.711914,10.192871
2025-08-25T10:02:12.877790+00:00,4701212,1.159668,-1.953125,9.094238
2025-08-25T10:02:14.877815+00:00,4703212,-97.045898,119.140625,-111.26709
2025-08-25T10:02:16.877701+00:00,4705212,234.802246,-517.700195,321.289062
2025-08-25T10:02:18.877708+00:00,4707212,102.294922,-254.943848,-57.006836
2025-08-25T10:02:20.877681+00:00,4709212,-229.614258,629.699707,-79.406738
2025-08-25T10:02:22.878292+00:00,4711212,-128.051758,281.433105,-125.061035
2025-08-25T10:02:24.877706+00:00,4713212,-116.455078,351.989746,-157.714844
2025-08-25T10:02:26.877655+00:00,4715212,-98.693848,335.754395,-89.416504
2025-08-25T10:02:28.877652+00:00,4717212,-75.98877,154.724121,-157.958984
2025-08-25T10:02:30.877798+00:00,4719212,124.755859,-376.342773,220.153809
2025-08-25T10:02:32.877583+00:00,4721212,70.3125,-266.906738,11.230469
2025-08-25T10:02:34.877819+00:00,4723212,-10.681152,-27.099609,-2.929688
2025-08-25T10:02:36.877609+00:00,4725212,-115.539551,285.03418,-130.249023
2025-08-25T10:02:38.877579+00:00,4727212,189.27002,-475.524902,347.595215
2025-08-25T10:02:40.877689+00:00,4729212,-63.476562,112.243652,-39.916992
2025-08-25T10:02:42.877936+00:00,4731212,130.310059,-562.683105,367.126465
2025-08-25T10:02:44.877729+00:00,4733212,-145.202637,251.342773,-134.643555
2025-08-25T10:02:46.877690+00:00,4735212,-158.508301,328.491211,-116.149902
2025-08-25T10:02:48.877693+00:00,4737212,-120.727539,287.597656,-89.538574
2025-08-25T10:02:50.877586+00:00,4739212,-125.671387,629.882813,-99.609375
2025-08-25T10:02:52.877928+00:00,4741212,29.541016,-164.245605,-17.51709
2025-08-25T10:02:54.877631+00:00,4743212,-103.027344,369.384766,-106.689453
2025-08-25T10:02:56.877618+00:00,4745212,36.437988,-228.210449,45.654297
2025-08-25T10:02:58.877572+00:00,4747212,-165.039062,759.58252,-97.290039
2025-08-25T10:03:00.877621+00:00,4749212,-180.297852,482.849121,-104.797363
2025-08-25T10:03:02.877571+00:00,4751212,60.058594,196.777344,-84.899902
2025-08-25T10:03:04.877625+00:00,4753212,192.321777,-563.110352,349.060059
2025-08-25T10:03:06.878075+00:00,4755212,137.695312,-229.858398,123.718262
2025-08-25T10:03:08.877698+00:00,4757212,309.020996,-443.054199,377.075195
2025-08-25T10:03:10.877578+00:00,4759212,271.30127,-439.575195,377.746582
2025-08-25T10:03:12.877636+00:00,4761212,235.046387,-325.439453,249.450684
2025-08-25T10:03:14.879136+00:00,4763212,-186.340332,240.722656,-40.344238
2025-08-25T10:03:16.877607+00:00,4765212,-187.255859,566.833496,-136.108398
2025-08-25T10:03:18.877685+00:00,4767212,95.703125,-230.529785,59.631348
2025-08-25T10:03:20.877565+00:00,4769212,195.922852,-13.61084,81.481934
2025-08-25T10:03:22.877757+00:00,4771212,259.033203,-123.596191,37.109375
2025-08-25T10:03:24.877593+00:00,4773212,-1.220703,2.990723,-0.976562
2025-08-25T10:03:26.877509+00:00,4775212,-0.305176,0.366211,-0.427246
2025-08-25T10:03:28.877614+00:00,4777212,0.0,0.549316,-0.793457
2025-08-25T10:03:30.877673+00:00,4779212,-0.305176,0.427246,-0.305176
2025-08-25T10:03:32.877676+00:00,4781212,-0.488281,1.098633,-0.610352
2025-08-25T10:03:34.877776+00:00,4783212,-0.244141,0.488281,-0.366211
2025-08-25T10:03:36.877638+00:00,4785212,-0.12207,0.305176,-0.366211
2025-08-25T10:03:38.877698+00:00,4787212,-0.12207,0.366211,-0.366211
2025-08-25T10:03:40.877661+00:00,4789212,0.0,0.12207,-0.305176
2025-08-25T10:03:42.877667+00:00,4791212,-0.061035,0.244141,-0.427246
2025-08-25T10:03:44.877680+00:00,4793212,-0.061035,0.244141,-0.366211
2025-08-25T10:03:46.877669+00:00,4795212,-0.061035,0.244141,-0.366211
2025-08-25T10:03:48.877713+00:00,4797212,-0.12207,0.366211,-0.366211
2025-08-25T10:03:50.877603+00:00,4799212,0.061035,0.244141,-0.427246
2025-08-25T10:03:52.877797+00:00,4801212,-0.061035,0.183105,-0.427246
2025-08-25T10:03:54.877605+00:00,4803212,0.0,0.366211,-0.366211
2025-08-25T10:03:56.877742+00:00,4805212,-0.061035,0.183105,-0.366211
2025-08-25T10:03:58.877632+00:00,4807212,-0.061035,0.183105,-0.366211
2025-08-25T10:04:00.877566+00:00,4809212,-0.12207,0.183105,-0.366211
2025-08-25T10:04:02.877520+00:00,4811212,0.0,0.061035,-0.366211
2025-08-25T10:04:04.877422+00:00,4813212,0.0,0.12207,-0.366211
2025-08-25T10:04:06.877541+00:00,4815212,-0.244141,0.671387,-0.427246
2025-08-25T10:04:08.877661+00:00,4817212,-0.061035,0.244141,-0.427246
2025-08-25T10:04:10.877402+00:00,4819212,-0.183105,0.244141,-0.366211
2025-08-25T10:04:12.877363+00:00,4821212,0.0,0.183105,-0.366211
2025-08-25T10:04:14.877415+00:00,4823212,-0.061035,0.183105,-0.366211
2025-08-25T10:04:16.877421+00:00,4825212,0.061035,0.12207,-0.305176
2025-08-25T10:04:18.877320+00:00,4827212,0.061035,0.061035,-0.366211
2025-08-25T10:04:20.877594+00:00,4829212,-0.061035,0.12207,-0.366211
2025-08-25T10:04:22.877395+00:00,4831212,-0.061035,0.183105,-0.366211
2025-08-25T10:04:24.877438+00:00,4833212,-0.183105,0.183105,-0.366211
2025-08-25T10:04:26.877430+00:00,4835212,-0.061035,0.12207,-0.366211
2025-08-25T10:04:28.877415+00:00,4837212,-0.183105,0.183105,-0.427246
2025-08-25T10:04:30.877378+00:00,4839212,-0.061035,0.305176,-0.366211
2025-08-25T10:04:32.877502+00:00,4841212,0.061035,0.183105,-0.305176
2025-08-25T10:04:34.877450+00:00,4843212,0.061035,0.12207,-0.366211
2025-08-25T10:04:36.877432+00:00,4845212,-0.061035,0.12207,-0.366211
2025-08-25T10:04:38.877500+00:00,4847212,0.061035,0.12207,-0.305176
2025-08-25T10:04:40.877637+00:00,4849212,0.061035,0.12207,-0.366211
2025-08-25T10:04:42.877427+00:00,4851212,0.061035,0.061035,-0.305176
2025-08-25T10:04:44.877452+00:00,4853212,-0.061035,0.12207,-0.366211
2025-08-25T10:04:46.877451+00:00,4855212,0.0,0.12207,-0.366211
2025-08-25T10:04:48.877457+00:00,4857212,-0.12207,0.183105,-0.366211
2025-08-25T10:04:50.877458+00:00,4859212,-0.061035,0.183105,-0.366211
2025-08-25T10:04:52.877354+00:00,4861212,-0.061035,0.183105,-0.305176
2025-08-25T10:04:54.877402+00:00,4863212,0.0,0.12207,-0.366211
2025-08-25T10:04:56.877446+00:00,4865212,-0.061035,0.183105,-0.305176
2025-08-25T10:04:58.877353+00:00,4867212,0.0,0.183105,-0.366211
2025-08-25T10:05:00.877441+00:00,4869212,0.0,0.12207,-0.305176
2025-08-25T10:05:02.877489+00:00,4871212,0.0,0.183105,-0.366211
2025-08-25T10:05:04.877648+00:00,4873212,0.0,0.183105,-0.366211
2025-08-25T10:05:06.877598+00:00,4875212,-0.12207,0.183105,-0.366211
2025-08-25T10:05:08.877457+00:00,4877212,-0.12207,0.12207,-0.305176
2025-08-25T10:05:10.877605+00:00,4879212,-0.061035,0.183105,-0.366211
2025-08-25T10:05:12.877554+00:00,4881212,-0.061035,0.183105,-0.366211
2025-08-25T10:05:14.877525+00:00,4883212,0.061035,0.12207,-0.366211
2025-08-25T10:05:16.877386+00:00,4885212,0.061035,0.061035,-0.366211
2025-08-25T10:05:18.877489+00:00,4887212,0.12207,0.12207,-0.305176
2025-08-25T10:05:20.877456+00:00,4889212,0.0,0.12207,-0.366211
2025-08-25T10:05:22.877556+00:00,4891212,0.061035,0.12207,-0.366211
2025-08-25T10:05:24.877413+00:00,4893212,0.0,0.12207,-0.366211
2025-08-25T10:05:26.877448+00:00,4895212,-0.061035,0.183105,-0.366211
2025-08-25T10:05:28.877507+00:00,4897212,-0.12207,0.183105,-0.366211
2025-08-25T10:05:30.877470+00:00,4899212,0.0,0.183105,-0.366211
2025-08-25T10:05:32.877426+00:00,4901212,0.0,0.12207,-0.366211
2025-08-25T10:05:34.877543+00:00,4903212,-0.061035,0.12207,-0.366211
2025-08-25T10:05:36.877519+00:00,4905212,0.061035,0.183105,-0.366211
2025-08-25T10:05:38.877487+00:00,4907212,0.0,0.12207,-0.366211
2025-08-25T10:05:40.877412+00:00,4909212,0.0,0.061035,-0.366211
2025-08-25T10:05:42.877436+00:00,4911212,0.061035,0.12207,-0.366211
2025-08-25T10:05:44.877507+00:00,4913212,-0.061035,0.12207,-0.305176
2025-08-25T10:05:46.878546+00:00,4915212,0.0,0.12207,-0.305176
2025-08-25T10:05:48.877495+00:00,4917212,0.0,0.12207,-0.305176
2025-08-25T10:05:50.877396+00:00,4919212,0.0,0.183105,-0.366211
2025-08-25T10:05:52.877540+00:00,4921212,-0.061035,0.12207,-0.366211
2025-08-25T10:05:54.877468+00:00,4923212,0.0,0.12207,-0.305176
2025-08-25T10:05:56.877548+00:00,4925212,0.0,0.12207,-0.366211
2025-08-25T10:05:58.877692+00:00,4927212,0.061035,0.12207,-0.366211
2025-08-25T10:06:00.877485+00:00,4929212,0.0,0.12207,-0.366211
2025-08-25T10:06:02.877314+00:00,4931212,0.0,0.12207,-0.366211
2025-08-25T10:06:04.877549+00:00,4933212,0.0,0.12207,-0.366211
2025-08-25T10:06:06.877458+00:00,4935212,-0.183105,0.183105,-0.366211
2025-08-25T10:06:08.877338+00:00,4937212,0.0,0.183105,-0.305176
2025-08-25T10:06:10.877547+00:00,4939212,0.061035,0.12207,-0.305176
2025-08-25T10:06:12.877436+00:00,4941212,0.061035,0.12207,-0.366211
2025-08-25T10:06:14.877444+00:00,4943212,0.0,0.183105,-0.366211
2025-08-25T10:06:16.877379+00:00,4945212,-0.061035,0.183105,-0.366211
2025-08-25T10:06:18.877335+00:00,4947212,0.061035,0.12207,-0.305176
2025-08-25T10:06:20.877528+00:00,4949212,0.061035,0.061035,-0.366211
2025-08-25T10:06:22.877387+00:00,4951212,0.12207,0.12207,-0.305176
2025-08-25T10:06:24.877305+00:00,4953212,0.0,0.12207,-0.366211
2025-08-25T10:06:26.877319+00:00,4955212,0.0,0.12207,-0.366211
2025-08-25T10:06:28.877234+00:00,4957212,0.061035,0.183105,-0.305176
2025-08-25T10:06:30.877286+00:00,4959212,0.061035,0.061035,-0.366211
2025-08-25T10:06:32.877281+00:00,4961212,-0.061035,0.12207,-0.366211
2025-08-25T10:06:34.877155+00:00,4963212,-0.061035,0.12207,-0.366211
2025-08-25T10:06:36.877301+00:00,4965212,0.0,0.244141,-0.305176
2025-08-25T10:06:38.877621+00:00,4967212,-0.12207,0.061035,-0.366211
2025-08-25T10:06:40.877046+00:00,4969212,-0.061035,0.183105,-0.366211
2025-08-25T10:06:42.877261+00:00,4971212,0.0,0.183105,-0.366211
2025-08-25T10:06:44.877133+00:00,4973212,-0.061035,0.12207,-0.366211
2025-08-25T10:06:46.877048+00:00,4975212,-0.061035,0.183105,-0.366211
2025-08-25T10:06:48.877192+00:00,4977212,-0.061035,0.12207,-0.305176
2025-08-25T10:06:50.876983+00:00,4979212,0.061035,0.061035,-0.366211
2025-08-25T10:06:52.877001+00:00,4981212,0.0,0.12207,-0.305176
2025-08-25T10:06:54.877003+00:00,4983212,0.0,0.12207,-0.305176
2025-08-25T10:06:56.877198+00:00,4985212,0.061035,0.12207,-0.366211
2025-08-25T10:06:58.877140+00:00,4987212,0.12207,0.12207,-0.366211
2025-08-25T10:07:00.877097+00:00,4989212,-0.061035,0.12207,-0.305176
2025-08-25T10:07:02.877180+00:00,4991212,0.061035,0.12207,-0.366211
2025-08-25T10:07:04.877194+00:00,4993212,0.0,0.12207,-0.366211
2025-08-25T10:07:06.877180+00:00,4995212,-0.061035,0.183105,-0.366211
2025-08-25T10:07:08.877695+00:00,4997212,-0.061035,0.183105,-0.305176
2025-08-25T10:07:10.877163+00:00,4999212,0.0,0.12207,-0.305176
2025-08-25T10:07:12.877486+00:00,5001212,-0.061035,0.183105,-0.305176
2025-08-25T10:07:14.877263+00:00,5003212,-0.061035,0.12207,-0.366211
2025-08-25T10:07:16.877350+00:00,5005212,-0.12207,0.183105,-0.366211
2025-08-25T10:07:18.877340+00:00,5007212,0.0,0.12207,-0.366211
2025-08-25T10:07:20.877332+00:00,5009212,-0.061035,0.183105,-0.366211
2025-08-25T10:07:22.877111+00:00,5011212,0.0,0.061035,-0.366211
2025-08-25T10:07:24.877216+00:00,5013212,0.0,0.183105,-0.305176
2025-08-25T10:07:26.877104+00:00,5015212,0.0,0.183105,-0.305176
2025-08-25T10:07:28.877205+00:00,5017212,0.061035,0.061035,-0.366211
2025-08-25T10:07:30.877533+00:00,5019212,0.061035,0.12207,-0.366211
2025-08-25T10:07:32.877239+00:00,5021212,-0.061035,0.12207,-0.366211
2025-08-25T10:07:34.877247+00:00,5023212,0.0,0.183105,-0.366211
2025-08-25T10:07:36.877597+00:00,5025212,0.0,0.12207,-0.366211
2025-08-25T10:07:38.877514+00:00,5027212,0.0,0.183105,-0.366211
2025-08-25T10:07:40.877237+00:00,5029212,-0.061035,0.12207,-0.366211
2025-08-25T10:07:42.877193+00:00,5031212,-15.563965,0.12207,-0.305176
2025-08-25T10:07:44.877207+00:00,5033212,0.0,0.12207,-0.366211
2025-08-25T10:07:46.877334+00:00,5035212,-0.061035,0.12207,-0.366211
2025-08-25T10:07:48.877166+00:00,5037212,-0.061035,0.183105,-0.366211
2025-08-25T10:07:50.877238+00:00,5039212,0.061035,0.183105,-0.366211
2025-08-25T10:07:52.877305+00:00,5041212,0.061035,0.12207,-0.366211
2025-08-25T10:07:54.877074+00:00,5043212,-0.061035,0.12207,-0.305176
2025-08-25T10:07:56.877114+00:00,5045212,-0.12207,0.061035,-0.366211
2025-08-25T10:07:58.877249+00:00,5047212,0.061035,0.12207,-0.366211
2025-08-25T10:08:00.877219+00:00,5049212,-0.061035,0.12207,-0.366211
2025-08-25T10:08:02.877287+00:00,5051212,-0.061035,0.12207,-0.366211
2025-08-25T10:08:04.877139+00:00,5053212,0.061035,0.12207,-0.366211
2025-08-25T10:08:06.877142+00:00,5055212,0.183105,0.061035,-0.366211
2025-08-25T10:08:08.877424+00:00,5057212,0.061035,0.12207,-0.366211
2025-08-25T10:08:10.877003+00:00,5059212,0.061035,0.061035,-0.366211
2025-08-25T10:08:12.877003+00:00,5061212,0.0,0.12207,-0.305176
2025-08-25T10:08:14.876947+00:00,5063212,0.12207,0.061035,-0.305176
2025-08-25T10:08:16.876919+00:00,5065212,0.0,0.12207,-0.366211
2025-08-25T10:08:18.877116+00:00,5067212,-0.12207,0.12207,-0.305176
2025-08-25T10:08:20.877036+00:00,5069212,0.0,0.061035,-0.366211
2025-08-25T10:08:22.876937+00:00,5071212,0.0,0.183105,-0.305176
2025-08-25T10:08:24.877097+00:00,5073212,0.061035,0.061035,-0.366211
2025-08-25T10:08:26.876774+00:00,5075212,-0.061035,0.183105,-0.366211
2025-08-25T10:08:28.876826+00:00,5077212,0.0,0.12207,-0.305176
2025-08-25T10:08:30.876868+00:00,5079212,0.0,0.12207,-0.366211
2025-08-25T10:08:32.876863+00:00,5081212,0.061035,0.12207,-0.305176
2025-08-25T10:08:34.876885+00:00,5083212,-0.061035,0.12207,-0.366211
2025-08-25T10:08:36.876922+00:00,5085212,0.0,0.12207,-0.366211
2025-08-25T10:08:38.877154+00:00,5087212,0.0,0.12207,-0.366211
2025-08-25T10:08:40.876878+00:00,5089212,0.061035,0.12207,-0.366211
2025-08-25T10:08:42.876659+00:00,5091212,0.0,0.12207,-0.366211
2025-08-25T10:08:44.876822+00:00,5093212,0.0,0.183105,-0.427246
2025-08-25T10:08:46.876852+00:00,5095212,0.061035,0.12207,-0.366211
2025-08-25T10:08:48.876792+00:00,5097212,0.0,0.12207,-0.366211
2025-08-25T10:08:50.877012+00:00,5099212,0.0,0.12207,-0.366211
2025-08-25T10:08:52.876884+00:00,5101212,0.12207,0.061035,-0.366211
2025-08-25T10:08:54.876815+00:00,5103212,0.0,0.12207,-0.366211
2025-08-25T10:08:56.876708+00:00,5105212,0.0,0.061035,-0.366211
2025-08-25T10:08:58.876598+00:00,5107212,0.061035,0.061035,-0.305176
2025-08-25T10:09:00.876557+00:00,5109212,0.0,0.12207,-0.305176
2025-08-25T10:09:02.876798+00:00,5111212,0.0,0.183105,-0.366211
2025-08-25T10:09:04.876756+00:00,5113212,-0.061035,0.183105,-0.366211
2025-08-25T10:09:06.876720+00:00,5115212,-0.061035,0.12207,-0.366211
2025-08-25T10:09:08.876566+00:00,5117212,0.0,0.12207,-0.366211
2025-08-25T10:09:10.876578+00:00,5119212,-0.12207,0.183105,-0.366211
2025-08-25T10:09:12.876867+00:00,5121212,-0.061035,0.12207,-0.366211
2025-08-25T10:09:14.877124+00:00,5123212,-0.061035,0.244141,-0.366211
2025-08-25T10:09:16.876605+00:00,5125212,-0.12207,0.183105,-0.366211
2025-08-25T10:09:18.876891+00:00,5127212,-0.12207,0.183105,-0.366211
2025-08-25T10:09:20.876849+00:00,5129212,-0.061035,0.12207,-0.366211
2025-08-25T10:09:22.876702+00:00,5131212,0.0,0.12207,-0.366211
2025-08-25T10:09:24.876675+00:00,5133212,0.061035,0.12207,-0.305176
2025-08-25T10:09:26.876623+00:00,5135212,0.12207,0.12207,-0.366211
2025-08-25T10:09:28.876616+00:00,5137212,0.061035,0.12207,-0.366211
2025-08-25T10:09:30.876434+00:00,5139212,0.0,0.12207,-0.305176
2025-08-25T10:09:32.876759+00:00,5141212,0.0,0.12207,-0.366211
2025-08-25T10:09:34.876601+00:00,5143212,0.061035,0.12207,-0.305176
2025-08-25T10:09:36.876525+00:00,5145212,-0.061035,0.183105,-0.305176
2025-08-25T10:09:38.876558+00:00,5147212,0.061035,0.183105,-0.366211
2025-08-25T10:09:40.876497+00:00,5149212,0.0,0.12207,-0.366211
2025-08-25T10:09:42.876293+00:00,5151212,0.0,0.12207,-0.366211
2025-08-25T10:09:44.876345+00:00,5153212,-0.183105,0.305176,-0.305176
2025-08-25T10:09:46.876949+00:00,5155212,-0.061035,0.183105,-0.366211
2025-08-25T10:09:48.876478+00:00,5157212,-0.061035,0.183105,-0.366211
2025-08-25T10:09:50.876278+00:00,5159212,-0.061035,0.183105,-0.305176
2025-08-25T10:09:52.876183+00:00,5161212,0.12207,0.0,-0.366211
2025-08-25T10:09:54.876277+00:00,5163212,0.12207,0.061035,-0.366211
2025-08-25T10:09:56.876429+00:00,5165212,0.0,-0.061035,-0.305176
2025-08-25T10:09:58.876463+00:00,5167212,0.0,0.12207,-0.366211
2025-08-25T10:10:00.876221+00:00,5169212,-0.183105,0.244141,-0.366211
2025-08-25T10:10:02.876219+00:00,5171212,0.0,0.12207,-0.366211
2025-08-25T10:10:04.876134+00:00,5173212,0.061035,0.12207,-0.366211
2025-08-25T10:10:06.876284+00:00,5175212,-0.061035,0.12207,-0.366211
2025-08-25T10:10:08.876206+00:00,5177212,0.0,0.183105,-0.366211
2025-08-25T10:10:10.876248+00:00,5179212,-0.061035,0.12207,-0.305176
2025-08-25T10:10:12.876132+00:00,5181212,0.0,0.12207,-0.366211
2025-08-25T10:10:14.876251+00:00,5183212,-0.061035,0.12207,-0.305176
2025-08-25T10:10:16.876208+00:00,5185212,0.0,0.12207,-0.366211
2025-08-25T10:10:18.876081+00:00,5187212,-0.061035,0.183105,-0.366211
2025-08-25T10:10:20.876235+00:00,5189212,0.0,0.183105,-0.366211
2025-08-25T10:10:22.876157+00:00,5191212,-0.183105,0.183105,-0.366211
2025-08-25T10:10:24.876225+00:00,5193212,0.0,0.12207,-0.366211
2025-08-25T10:10:26.876418+00:00,5195212,0.0,0.12207,-0.366211
2025-08-25T10:10:28.876436+00:00,5197212,-0.061035,0.12207,-0.366211
2025-08-25T10:10:30.876333+00:00,5199212,-0.061035,0.183105,-0.366211
2025-08-25T10:10:32.876337+00:00,5201212,0.0,0.12207,-0.305176
2025-08-25T10:10:34.876238+00:00,5203212,0.0,0.12207,-0.366211
2025-08-25T10:10:36.876363+00:00,5205212,0.061035,0.12207,-0.305176
2025-08-25T10:10:38.876352+00:00,5207212,0.061035,0.061035,-0.366211
2025-08-25T10:10:40.876252+00:00,5209212,0.12207,0.12207,-0.366211
2025-08-25T10:10:42.876209+00:00,5211212,0.0,0.12207,-0.305176
2025-08-25T10:10:44.876195+00:00,5213212,-0.061035,0.12207,-0.366211
2025-08-25T10:10:46.876079+00:00,5215212,0.0,0.061035,-0.366211
2025-08-25T10:10:48.876174+00:00,5217212,0.12207,0.12207,-0.305176
2025-08-25T10:10:50.876018+00:00,5219212,0.0,0.12207,-0.366211
2025-08-25T10:10:52.876044+00:00,5221212,-0.061035,0.12207,-0.305176
2025-08-25T10:10:54.876215+00:00,5223212,-317.932129,98.693848,-190.063477
2025-08-25T10:10:56.876188+00:00,5225212,24.047852,161.010742,-89.660645
2025-08-25T10:10:58.876178+00:00,5227212,-1.77002,-0.12207,0.244141
2025-08-25T10:11:00.876142+00:00,5229212,255.67627,-269.470215,-429.992676
2025-08-25T10:11:02.876144+00:00,5231212,409.729004,374.267578,-128.967285
2025-08-25T10:11:04.876120+00:00,5233212,-341.674805,-31.25,-271.484375
2025-08-25T10:11:06.876092+00:00,5235212,-249.450684,-304.016113,-149.291992
2025-08-25T10:11:08.876285+00:00,5237212,543.334961,-97.77832,-463.378906
2025-08-25T10:11:10.876041+00:00,5239212,504.638672,341.430664,162.780762
2025-08-25T10:11:12.876027+00:00,5241212,-92.834473,20.263672,198.730469
2025-08-25T10:11:14.876088+00:00,5243212,-209.655762,-290.83252,38.574219
2025-08-25T10:11:16.876018+00:00,5245212,-417.541504,-258.911133,-62.866211
2025-08-25T10:11:18.875911+00:00,5247212,-369.140625,-318.29834,-193.725586
2025-08-25T10:11:20.876163+00:00,5249212,-273.071289,-599.304199,22.277832
2025-08-25T10:11:22.876170+00:00,5251212,-146.42334,-91.491699,217.651367
2025-08-25T10:11:24.875875+00:00,5253212,152.038574,612.731934,167.297363
2025-08-25T10:11:26.876010+00:00,5255212,226.867676,225.097656,21.66748
2025-08-25T10:11:28.875961+00:00,5257212,310.546875,103.088379,-255.615234
2025-08-25T10:11:30.876036+00:00,5259212,-79.833984,0.793457,64.63623
2025-08-25T10:11:32.875917+00:00,5261212,474.243164,295.776367,-685.60791
2025-08-25T10:11:34.875858+00:00,5263212,225.585937,494.689941,-298.339844
2025-08-25T10:11:36.875886+00:00,5265212,-336.364746,-142.028809,213.256836
2025-08-25T10:11:38.875851+00:00,5267212,-388.427734,-538.513184,-19.592285
2025-08-25T10:11:40.875927+00:00,5269212,-179.931641,-289.978027,236.572266
2025-08-25T10:11:42.875825+00:00,5271212,275.085449,237.731934,-213.07373
2025-08-25T10:11:44.875825+00:00,5273212,302.978516,485.290527,16.113281
2025-08-25T10:11:46.875923+00:00,5275212,189.51416,355.529785,-8.728027
2025-08-25T10:11:48.875835+00:00,5277212,-172.546387,-300.231934,13.61084
2025-08-25T10:11:50.875946+00:00,5279212,-301.696777,-588.867188,35.888672
2025-08-25T10:11:52.878628+00:00,5281212,-91.064453,-66.223145,186.401367
2025-08-25T10:11:54.875954+00:00,5283212,244.384766,525.20752,-24.169922
2025-08-25T10:11:56.875844+00:00,5285212,3.479004,79.89502,20.446777
2025-08-25T10:11:58.875963+00:00,5287212,-229.431152,-874.267578,202.453613
2025-08-25T10:12:00.875939+00:00,5289212,-79.345703,-98.999023,129.943848
2025-08-25T10:12:02.875863+00:00,5291212,182.983398,615.112305,6.408691
2025-08-25T10:12:04.875872+00:00,5293212,85.205078,254.760742,-32.836914
2025-08-25T10:12:06.875953+00:00,5295212,-249.206543,-570.983887,48.88916
2025-08-25T10:12:08.875899+00:00,5297212,-200.866699,-706.542969,264.709473
2025-08-25T10:12:10.875812+00:00,5299212,-152.160645,-290.222168,107.727051
2025-08-25T10:12:12.875706+00:00,5301212,124.145508,313.842773,-94.848633
2025-08-25T10:12:14.875726+00:00,5303212,309.326172,665.100098,-239.196777
2025-08-25T10:12:16.875810+00:00,5305212,-105.224609,-285.949707,74.157715
2025-08-25T10:12:18.875668+00:00,5307212,-181.213379,-591.491699,137.329102
2025-08-25T10:12:20.875578+00:00,5309212,-132.69043,-734.25293,247.497559
2025-08-25T10:12:22.875759+00:00,5311212,31.921387,343.017578,-144.592285
2025-08-25T10:12:24.875753+00:00,5313212,135.009766,674.194336,-223.022461
2025-08-25T10:12:26.875536+00:00,5315212,-18.005371,114.807129,6.530762
2025-08-25T10:12:28.875729+00:00,5317212,111.938477,608.093262,-140.380859
2025-08-25T10:12:30.875728+00:00,5319212,159.423828,459.716797,-71.289062
2025-08-25T10:12:32.875784+00:00,5321212,-101.44043,-295.166016,32.165527
2025-08-25T10:12:34.875759+00:00,5323212,-58.044434,-46.875,106.933594
2025-08-25T10:12:36.875689+00:00,5325212,197.692871,711.853027,-151.550293
2025-08-25T10:12:38.875767+00:00,5327212,113.15918,324.523926,-90.759277
2025-08-25T10:12:40.875658+00:00,5329212,74.707031,223.205566,-53.771973
2025-08-25T10:12:42.875662+00:00,5331212,-195.007324,-663.085938,393.371582
2025-08-25T10:12:44.875804+00:00,5333212,-202.636719,-977.905273,407.470703
2025-08-25T10:12:46.875690+00:00,5335212,70.251465,770.019531,-177.429199
2025-08-25T10:12:48.875706+00:00,5337212,71.533203,386.047363,-95.703125
2025-08-25T10:12:50.875818+00:00,5339212,-166.625977,-855.163574,417.358398
2025-08-25T10:12:52.875809+00:00,5341212,93.139648,391.052246,-115.905762
2025-08-25T10:12:54.875760+00:00,5343212,24.658203,75.98877,10.620117
2025-08-25T10:12:56.875569+00:00,5345212,-134.521484,-643.005371,282.775879
2025-08-25T10:12:58.875710+00:00,5347212,118.408203,890.258789,-136.352539
2025-08-25T10:13:00.875757+00:00,5349212,-37.231445,-506.103516,289.428711
2025-08-25T10:13:02.875651+00:00,5351212,-144.592285,-752.197266,353.57666
2025-08-25T10:13:04.875677+00:00,5353212,108.398437,97.839355,-96.374512
2025-08-25T10:13:06.875681+00:00,5355212,-22.644043,364.013672,-211.425781
2025-08-25T10:13:08.875756+00:00,5357212,-4.333496,-3.601074,-65.734863
2025-08-25T10:13:10.875492+00:00,5359212,-12.939453,-13.061523,-135.925293
2025-08-25T10:13:12.875585+00:00,5361212,66.955566,-382.93457,323.242187
2025-08-25T10:13:14.875595+00:00,5363212,21.606445,106.567383,-181.091309
2025-08-25T10:13:16.875593+00:00,5365212,12.512207,-19.348145,-12.878418
2025-08-25T10:13:18.875515+00:00,5367212,-46.75293,-551.879883,315.734863
2025-08-25T10:13:20.875620+00:00,5369212,31.066895,509.887695,-292.358398
2025-08-25T10:13:22.875301+00:00,5371212,2.380371,-550.354004,205.078125
2025-08-25T10:13:24.875542+00:00,5373212,-31.188965,-585.205078,318.17627
2025-08-25T10:13:26.875399+00:00,5375212,-11.901855,278.076172,-79.833984
2025-08-25T10:13:28.875360+00:00,5377212,123.10791,-90.759277,35.15625
2025-08-25T10:13:30.875245+00:00,5379212,10.131836,-848.510742,432.373047
2025-08-25T10:13:32.875527+00:00,5381212,-39.916992,732.421875,-105.285645
2025-08-25T10:13:34.875456+00:00,5383212,-36.010742,437.927246,-91.064453
2025-08-25T10:13:36.875506+00:00,5385212,89.111328,-505.79834,203.430176
2025-08-25T10:13:38.875491+00:00,5387212,94.726562,-812.37793,568.42041
2025-08-25T10:13:40.875377+00:00,5389212,158.874512,-503.967285,291.931152
2025-08-25T10:13:42.875157+00:00,5391212,-20.324707,210.144043,-103.759766
2025-08-25T10:13:44.875225+00:00,5393212,-93.811035,536.010742,-330.688477
2025-08-25T10:13:46.875297+00:00,5395212,-28.015137,180.175781,-100.219727
2025-08-25T10:13:48.875066+00:00,5397212,87.036133,-492.675781,139.709473
2025-08-25T10:13:50.875285+00:00,5399212,66.833496,-781.982422,558.47168
2025-08-25T10:13:52.875311+00:00,5401212,-158.813477,555.664063,-253.601074
2025-08-25T10:13:54.875247+00:00,5403212,-100.524902,282.836914,-185.72998
2025-08-25T10:13:56.875041+00:00,5405212,56.884766,-112.304687,52.67334
2025-08-25T10:13:58.875235+00:00,5407212,186.218262,-767.089844,630.249023
2025-08-25T10:14:00.875164+00:00,5409212,-99.182129,744.934082,-279.602051
2025-08-25T10:14:02.875053+00:00,5411212,110.107422,-199.035645,205.078125
2025-08-25T10:14:04.875238+00:00,5413212,2.868652,69.885254,-92.285156
2025-08-25T10:14:06.874922+00:00,5415212,-15.686035,17.211914,-5.615234
2025-08-25T10:14:08.874922+00:00,5417212,-9.338379,-10.314941,-4.821777
2025-08-25T10:14:10.875197+00:00,5419212,0.976562,2.319336,-2.807617
2025-08-25T10:14:12.875047+00:00,5421212,0.488281,0.061035,1.037598
2025-08-25T10:14:14.875003+00:00,5423212,0.061035,0.305176,-1.342773
2025-08-25T10:14:16.875019+00:00,5425212,-0.12207,0.854492,-0.183105
2025-08-25T10:14:18.874781+00:00,5427212,0.244141,-0.305176,0.244141
2025-08-25T10:14:20.874938+00:00,5429212,-0.12207,0.061035,-1.159668
2025-08-25T10:14:22.874874+00:00,5431212,-0.366211,-0.12207,0.12207
2025-08-25T10:14:24.874987+00:00,5433212,-0.366211,0.061035,-0.183105
2025-08-25T10:14:26.874984+00:00,5435212,0.244141,0.061035,-0.549316
2025-08-25T10:14:28.874858+00:00,5437212,-0.793457,-0.305176,-0.183105
2025-08-25T10:14:30.874985+00:00,5439212,-0.610352,1.098633,-0.854492
2025-08-25T10:14:32.874940+00:00,5441212,9.521484,3.967285,11.291504
2025-08-25T10:14:34.874911+00:00,5443212,1.708984,-0.610352,-0.854492
2025-08-25T10:14:36.874983+00:00,5445212,-0.854492,1.525879,-2.197266
2025-08-25T10:14:38.875037+00:00,5447212,-0.183105,0.671387,-0.976562
2025-08-25T10:14:40.874973+00:00,5449212,-0.427246,0.671387,-1.098633
2025-08-25T10:14:42.874880+00:00,5451212,0.244141,-0.183105,-0.488281
2025-08-25T10:14:44.874813+00:00,5453212,-2.380371,0.610352,-2.990723
2025-08-25T10:14:46.874652+00:00,5455212,0.488281,0.549316,-0.183105
2025-08-25T10:14:48.874770+00:00,5457212,15.625,-3.723145,0.976562
2025-08-25T10:14:50.874633+00:00,5459212,3.417969,-2.13623,0.427246
2025-08-25T10:14:52.874576+00:00,5461212,-0.427246,-0.732422,2.319336
2025-08-25T10:14:54.874595+00:00,5463212,0.183105,0.854492,0.244141
2025-08-25T10:14:56.874649+00:00,5465212,-0.305176,-0.305176,-0.976562
2025-08-25T10:14:58.874730+00:00,5467212,0.305176,0.061035,-1.708984
2025-08-25T10:15:00.874608+00:00,5469212,-0.244141,2.075195,-2.258301
2025-08-25T10:15:02.874578+00:00,5471212,0.12207,0.061035,-0.12207
2025-08-25T10:15:04.874773+00:00,5473212,-0.061035,-0.12207,-0.061035
2025-08-25T10:15:06.874612+00:00,5475212,0.061035,0.061035,0.0
2025-08-25T10:15:08.874725+00:00,5477212,0.12207,0.061035,-1.342773
2025-08-25T10:15:10.874580+00:00,5479212,0.671387,0.854492,0.854492
2025-08-25T10:15:12.874596+00:00,5481212,0.061035,-0.854492,0.915527
2025-08-25T10:15:14.874565+00:00,5483212,-0.12207,0.183105,-1.403809
2025-08-25T10:15:16.874419+00:00,5485212,0.0,0.366211,-2.258301
2025-08-25T10:15:18.874570+00:00,5487212,-0.12207,0.0,-0.671387
2025-08-25T10:15:20.874410+00:00,5489212,-14.953613,2.075195,2.990723
2025-08-25T10:15:22.874267+00:00,5491212,-1.220703,3.112793,3.845215
2025-08-25T10:15:24.874259+00:00,5493212,2.990723,-2.258301,1.342773
2025-08-25T10:15:26.874222+00:00,5495212,37.109375,0.244141,15.258789
2025-08-25T10:15:28.874161+00:00,5497212,0.915527,-0.244141,1.525879
2025-08-25T10:15:30.874193+00:00,5499212,-0.427246,-3.417969,0.671387
2025-08-25T10:15:32.874171+00:00,5501212,-0.915527,0.793457,-1.77002
2025-08-25T10:15:34.874275+00:00,5503212,0.671387,-0.915527,-0.305176
2025-08-25T10:15:36.874119+00:00,5505212,6.469727,-16.357422,-10.009766
2025-08-25T10:15:38.874112+00:00,5507212,-2.01416,-0.854492,-7.019043
2025-08-25T10:15:40.874153+00:00,5509212,-20.629883,15.380859,-1.342773
2025-08-25T10:15:42.874138+00:00,5511212,-0.671387,-0.244141,-1.953125
2025-08-25T10:15:44.874336+00:00,5513212,0.12207,0.671387,-0.183105
2025-08-25T10:15:46.874217+00:00,5515212,0.671387,-2.563477,-0.549316
2025-08-25T10:15:48.874099+00:00,5517212,-0.12207,-1.77002,0.244141
2025-08-25T10:15:50.874043+00:00,5519212,-12.756348,-8.728027,21.484375
2025-08-25T10:15:52.874108+00:00,5521212,20.690918,-40.95459,71.960449
2025-08-25T10:15:54.873994+00:00,5523212,0.915527,2.563477,-5.92041
2025-08-25T10:15:56.874086+00:00,5525212,1.525879,-0.427246,-0.183105
2025-08-25T10:15:58.874098+00:00,5527212,0.427246,-0.549316,-0.305176
2025-08-25T10:16:00.873992+00:00,5529212,0.183105,0.12207,-0.244141
2025-08-25T10:16:02.874057+00:00,5531212,-0.183105,0.366211,-0.793457
2025-08-25T10:16:04.874015+00:00,5533212,-1.281738,-1.281738,-0.366211
2025-08-25T10:16:06.873972+00:00,5535212,4.455566,-1.281738,-1.037598
2025-08-25T10:16:08.874225+00:00,5537212,7.141113,-1.831055,2.929688
2025-08-25T10:16:10.873934+00:00,5539212,0.488281,-0.793457,-1.647949
2025-08-25T10:16:12.873978+00:00,5541212,-0.183105,0.488281,-2.01416
2025-08-25T10:16:14.874029+00:00,5543212,1.89209,0.061035,1.281738
2025-08-25T10:16:16.873914+00:00,5545212,-0.305176,1.159668,-0.12207
2025-08-25T10:16:18.873949+00:00,5547212,-9.460449,-0.610352,-0.427246
2025-08-25T10:16:20.873895+00:00,5549212,0.793457,-0.183105,-1.342773
2025-08-25T10:16:22.873828+00:00,5551212,0.183105,1.342773,1.77002
2025-08-25T10:16:24.874133+00:00,5553212,-2.441406,6.164551,9.399414
2025-08-25T10:16:26.873886+00:00,5555212,-1.525879,2.929688,2.746582
2025-08-25T10:16:28.873840+00:00,5557212,0.366211,-0.244141,-1.77002
2025-08-25T10:16:30.873618+00:00,5559212,-8.361816,-4.516602,2.380371
2025-08-25T10:16:32.873549+00:00,5561212,-6.04248,9.155273,-10.559082
2025-08-25T10:16:34.873560+00:00,5563212,-4.333496,7.507324,-6.225586
2025-08-25T10:16:36.873590+00:00,5565212,-4.882812,-2.563477,0.732422
2025-08-25T10:16:38.874233+00:00,5567212,-27.770996,12.023926,-16.113281
2025-08-25T10:16:40.873423+00:00,5569212,89.72168,-139.343262,72.570801
2025-08-25T10:16:42.873413+00:00,5571212,104.553223,-27.587891,-176.452637
2025-08-25T10:16:44.874277+00:00,5573212,-186.035156,-606.445313,108.581543
2025-08-25T10:16:46.873346+00:00,5575212,292.724609,725.830078,-379.882812
2025-08-25T10:16:48.873354+00:00,5577212,94.726562,458.557129,-52.368164
2025-08-25T10:16:50.873395+00:00,5579212,-162.17041,-468.811035,127.441406
2025-08-25T10:16:52.874061+00:00,5581212,103.45459,222.595215,-153.381348
2025-08-25T10:16:54.873254+00:00,5583212,51.452637,496.032715,-170.166016
2025-08-25T10:16:56.874227+00:00,5585212,173.156738,538.024902,-119.812012
2025-08-25T10:16:58.875115+00:00,5587212,-203.552246,-556.091309,141.784668
2025-08-25T10:17:00.873197+00:00,5589212,-54.870605,-10.742188,46.936035
2025-08-25T10:17:02.874119+00:00,5591212,110.168457,422.912598,-89.904785
2025-08-25T10:17:04.873261+00:00,5593212,-116.882324,-466.552734,140.258789
2025-08-25T10:17:06.873153+00:00,5595212,-112.060547,-268.371582,40.95459
2025-08-25T10:17:08.874081+00:00,5597212,232.910156,474.365234,-310.119629
2025-08-25T10:17:10.873964+00:00,5599212,-54.626465,-207.824707,70.007324
2025-08-25T10:17:12.874438+00:00,5601212,-239.440918,-587.158203,216.97998
2025-08-25T10:17:14.873057+00:00,5603212,172.180176,445.739746,-17.39502
2025-08-25T10:17:16.873215+00:00,5605212,-70.556641,-287.414551,71.716309
2025-08-25T10:17:18.873059+00:00,5607212,-143.737793,-285.095215,132.69043
2025-08-25T10:17:20.873619+00:00,5609212,156.066895,729.675293,-215.209961
2025-08-25T10:17:22.873982+00:00,5611212,-38.879395,-199.584961,145.446777
2025-08-25T10:17:24.873564+00:00,5613212,-188.171387,-599.365234,196.228027
2025-08-25T10:17:26.873221+00:00,5615212,158.02002,475.341797,-337.036133
2025-08-25T10:17:28.873065+00:00,5617212,147.705078,651.855469,-192.871094
2025-08-25T10:17:30.873025+00:00,5619212,-157.287598,-617.431641,239.624023
2025-08-25T10:17:32.873233+00:00,5621212,-121.582031,-705.627441,316.894531
2025-08-25T10:17:34.873123+00:00,5623212,-50.415039,-147.216797,63.049316
2025-08-25T10:17:36.873027+00:00,5625212,46.936035,520.202637,-87.097168
2025-08-25T10:17:38.873847+00:00,5627212,-14.099121,975.402832,-260.437012
2025-08-25T10:17:40.873854+00:00,5629212,89.050293,-137.145996,131.286621
2025-08-25T10:17:42.873222+00:00,5631212,-129.699707,-349.487305,118.652344
2025-08-25T10:17:44.873372+00:00,5633212,-45.288086,-127.990723,52.67334
2025-08-25T10:17:46.872951+00:00,5635212,201.477051,708.679199,-316.955566
2025-08-25T10:17:48.873506+00:00,5637212,103.942871,470.825195,-148.010254
2025-08-25T10:17:50.872887+00:00,5639212,-145.324707,-619.628906,200.561523
2025-08-25T10:17:52.872955+00:00,5641212,124.572754,601.44043,-304.077148
2025-08-25T10:17:54.872850+00:00,5643212,54.382324,613.769531,-136.230469
2025-08-25T10:17:56.872882+00:00,5645212,107.727051,791.259766,-220.703125
2025-08-25T10:17:58.872861+00:00,5647212,-45.593262,-524.841309,200.134277
2025-08-25T10:18:00.872921+00:00,5649212,-4.943848,648.254395,-198.364258
2025-08-25T10:18:02.872761+00:00,5651212,-20.080566,325.378418,-106.689453
2025-08-25T10:18:04.872943+00:00,5653212,7.873535,654.47998,-195.373535
2025-08-25T10:18:06.873866+00:00,5655212,54.626465,-658.508301,373.352051
2025-08-25T10:18:08.873186+00:00,5657212,-13.671875,-686.767578,568.17627
2025-08-25T10:18:10.872769+00:00,5659212,-7.263184,433.532715,-120.727539
2025-08-25T10:18:12.872791+00:00,5661212,49.316406,567.749023,-303.100586
2025-08-25T10:18:14.873076+00:00,5663212,-73.547363,-522.399902,235.900879
2025-08-25T10:18:16.872755+00:00,5665212,-41.137695,259.460449,-174.682617
2025-08-25T10:18:18.872736+00:00,5667212,-6.164551,465.454102,-182.617187
2025-08-25T10:18:20.872678+00:00,5669212,22.827148,-319.580078,147.277832
2025-08-25T10:18:22.873546+00:00,5671212,-63.720703,218.75,-65.856934
2025-08-25T10:18:24.872720+00:00,5673212,59.875488,460.388184,-175.65918
2025-08-25T10:18:26.872641+00:00,5675212,-19.042969,-214.294434,8.422852
2025-08-25T10:18:28.873239+00:00,5677212,-51.940918,-542.84668,228.393555
2025-08-25T10:18:30.872771+00:00,5679212,0.732422,491.821289,-207.946777
2025-08-25T10:18:32.873013+00:00,5681212,-1.953125,435.60791,-157.104492
2025-08-25T10:18:34.873459+00:00,5683212,98.815918,-585.510254,310.058594
2025-08-25T10:18:36.873620+00:00,5685212,-7.629395,254.760742,-174.133301
2025-08-25T10:18:38.872946+00:00,5687212,-128.112793,609.680176,-128.967285
2025-08-25T10:18:40.872611+00:00,5689212,-23.498535,-762.023926,359.49707
2025-08-25T10:18:42.872712+00:00,5691212,-61.340332,316.833496,-117.492676
2025-08-25T10:18:44.872689+00:00,5693212,36.132812,-723.510742,347.839355
2025-08-25T10:18:46.872588+00:00,5695212,180.541992,302.124023,-151.367187
2025-08-25T10:18:48.872538+00:00,5697212,64.39209,805.175781,-262.207031
2025-08-25T10:18:50.872416+00:00,5699212,86.791992,737.060547,-266.784668
2025-08-25T10:18:52.872455+00:00,5701212,-33.691406,-588.806152,253.112793
2025-08-25T10:18:54.872453+00:00,5703212,24.230957,564.63623,-207.092285
2025-08-25T10:18:56.872431+00:00,5705212,-61.584473,-405.944824,172.180176
2025-08-25T10:18:58.872369+00:00,5707212,-162.536621,-524.353027,181.82373
2025-08-25T10:19:00.872397+00:00,5709212,211.975098,429.80957,-108.276367
2025-08-25T10:19:02.872398+00:00,5711212,-72.937012,-211.425781,58.349609
2025-08-25T10:19:04.872463+00:00,5713212,-189.208984,-624.87793,163.879395
2025-08-25T10:19:06.872223+00:00,5715212,121.704102,367.431641,-271.850586
2025-08-25T10:19:08.872234+00:00,5717212,59.936523,370.178223,-158.569336
2025-08-25T10:19:10.872322+00:00,5719212,240.29541,354.431152,-26.672363
2025-08-25T10:19:12.872425+00:00,5721212,199.645996,408.874512,-193.054199
2025-08-25T10:19:14.872220+00:00,5723212,-34.179687,-127.563477,29.47998
2025-08-25T10:19:16.872210+00:00,5725212,-169.250488,-523.681641,154.907227
2025-08-25T10:19:18.872151+00:00,5727212,47.424316,597.412109,-270.935059
2025-08-25T10:19:20.872218+00:00,5729212,73.547363,475.341797,-169.555664
2025-08-25T10:19:22.872134+00:00,5731212,-66.223145,-500.732422,232.849121
2025-08-25T10:19:24.872683+00:00,5733212,176.574707,565.368652,-242.126465
2025-08-25T10:19:26.872231+00:00,5735212,-45.532227,-376.586914,179.870605
2025-08-25T10:19:28.872200+00:00,5737212,163.818359,323.181152,-295.837402
2025-08-25T10:19:30.872171+00:00,5739212,-180.236816,-439.39209,245.97168
2025-08-25T10:19:32.872225+00:00,5741212,202.087402,760.681152,-317.871094
2025-08-25T10:19:34.872161+00:00,5743212,-32.775879,112.182617,80.383301
2025-08-25T10:19:36.872221+00:00,5745212,-44.128418,52.79541,-122.314453
2025-08-25T10:19:38.872071+00:00,5747212,-108.825684,-226.135254,31.433105
2025-08-25T10:19:40.872056+00:00,5749212,163.452148,244.140625,-115.17334
2025-08-25T10:19:42.871972+00:00,5751212,46.691895,232.177734,-15.74707
2025-08-25T10:19:44.872257+00:00,5753212,-135.070801,-280.822754,191.772461
2025-08-25T10:19:46.872123+00:00,5755212,141.357422,545.898438,-188.659668
2025-08-25T10:19:48.872711+00:00,5757212,-130.67627,-443.603516,140.50293
2025-08-25T10:19:50.872128+00:00,5759212,-98.205566,-307.678223,134.765625
2025-08-25T10:19:52.872137+00:00,5761212,-9.643555,-41.015625,64.147949
2025-08-25T10:19:54.872022+00:00,5763212,128.723145,679.504395,-308.227539
2025-08-25T10:19:56.872137+00:00,5765212,-30.517578,-490.478516,202.697754
2025-08-25T10:19:58.872027+00:00,5767212,46.325684,707.580566,-175.65918
2025-08-25T10:20:00.872151+00:00,5769212,4.516602,-70.43457,45.715332
2025-08-25T10:20:02.872156+00:00,5771212,-50.964355,-193.786621,111.26709
2025-08-25T10:20:04.872006+00:00,5773212,31.555176,122.375488,9.58252
2025-08-25T10:20:06.871994+00:00,5775212,5.249023,105.407715,-51.391602
2025-08-25T10:20:08.872032+00:00,5777212,-7.995605,26.611328,-18.005371
2025-08-25T10:20:10.872074+00:00,5779212,-31.12793,-88.012695,57.495117
2025-08-25T10:20:12.872473+00:00,5781212,21.118164,561.767578,-162.841797
2025-08-25T10:20:14.872157+00:00,5783212,-48.76709,211.608887,-219.543457
2025-08-25T10:20:16.872149+00:00,5785212,-14.160156,-169.86084,145.202637
2025-08-25T10:20:18.872057+00:00,5787212,-43.640137,-703.430176,328.063965
2025-08-25T10:20:20.872154+00:00,5789212,189.086914,734.069824,-212.463379
2025-08-25T10:20:22.872125+00:00,5791212,71.533203,186.828613,1.586914
2025-08-25T10:20:24.872140+00:00,5793212,134.521484,294.006348,-43.212891
2025-08-25T10:20:26.872048+00:00,5795212,-205.26123,-493.774414,134.338379
2025-08-25T10:20:28.872122+00:00,5797212,213.07373,256.774902,-156.799316
2025-08-25T10:20:30.872225+00:00,5799212,172.424316,497.619629,-176.940918
2025-08-25T10:20:32.871967+00:00,5801212,-134.460449,-564.39209,147.216797
2025-08-25T10:20:34.871953+00:00,5803212,112.304687,420.715332,-323.608398
2025-08-25T10:20:36.872091+00:00,5805212,45.593262,315.612793,-73.425293
2025-08-25T10:20:38.871949+00:00,5807212,-270.751953,-501.89209,123.352051
2025-08-25T10:20:40.873776+00:00,5809212,258.605957,469.787598,-167.724609
2025-08-25T10:20:42.877511+00:00,5811212,-234.802246,-637.817383,99.060059
2025-08-25T10:20:44.878901+00:00,5813212,231.140137,443.725586,-271.728516
2025-08-25T10:20:46.881154+00:00,5815212,89.96582,426.269531,-33.691406
2025-08-25T10:20:48.883093+00:00,5817212,-224.54834,-935.668945,383.361816
2025-08-25T10:20:50.884796+00:00,5819212,196.411133,688.903809,-375.061035
2025-08-25T10:20:52.886339+00:00,5821212,45.959473,482.788086,-173.461914
2025-08-25T10:20:54.887542+00:00,5823212,-63.049316,-400.57373,187.866211
2025-08-25T10:20:56.888777+00:00,5825212,-150.268555,-761.047363,392.39502
2025-08-25T10:20:58.889703+00:00,5827212,74.09668,106.323242,-117.858887
2025-08-25T10:21:00.890588+00:00,5829212,30.578613,54.382324,-85.388184
2025-08-25T10:21:02.891433+00:00,5831212,7.8125,-806.57959,454.284668
2025-08-25T10:21:04.892199+00:00,5833212,-61.767578,34.545898,55.236816
2025-08-25T10:21:06.892805+00:00,5835212,169.067383,404.174805,-391.174316
2025-08-25T10:21:08.893324+00:00,5837212,102.783203,437.988281,-138.48877
2025-08-25T10:21:10.893842+00:00,5839212,-141.784668,-377.990723,95.214844
2025-08-25T10:21:12.894073+00:00,5841212,-211.547852,-689.697266,192.016602
2025-08-25T10:21:14.894550+00:00,5843212,106.445312,282.592773,-217.346191
2025-08-25T10:21:16.894829+00:00,5845212,-150.146484,-109.069824,90.332031
2025-08-25T10:21:18.895306+00:00,5847212,443.786621,550.537109,-283.38623
2025-08-25T10:21:20.895476+00:00,5849212,-240.600586,-391.906738,-53.222656
2025-08-25T10:21:22.895744+00:00,5851212,16.296387,231.567383,124.816895
2025-08-25T10:21:24.895948+00:00,5853212,-259.70459,-304.443359,189.147949
2025-08-25T10:21:26.896119+00:00,5855212,127.258301,437.683105,119.07959
2025-08-25T10:21:28.896299+00:00,5857212,26.550293,-345.275879,231.079102
2025-08-25T10:21:30.899158+00:00,5859212,406.25,506.164551,-102.783203
2025-08-25T10:21:32.896580+00:00,5861212,-353.637695,-530.395508,70.373535
2025-08-25T10:21:34.896691+00:00,5863212,253.540039,294.921875,-80.13916
2025-08-25T10:21:36.896786+00:00,5865212,393.493652,383.178711,-61.157227
2025-08-25T10:21:38.896861+00:00,5867212,-161.254883,-95.458984,-3.967285
2025-08-25T10:21:40.896870+00:00,5869212,-319.946289,-376.89209,80.078125
2025-08-25T10:21:42.896964+00:00,5871212,325.866699,525.756836,19.53125
2025-08-25T10:21:44.897057+00:00,5873212,-309.448242,-463.806152,138.183594
2025-08-25T10:21:46.897039+00:00,5875212,-14.587402,15.319824,49.621582
2025-08-25T10:21:48.897215+00:00,5877212,402.587891,304.931641,-356.994629
2025-08-25T10:21:50.897168+00:00,5879212,217.041016,230.34668,-139.343262
2025-08-25T10:21:52.897245+00:00,5881212,318.908691,542.358398,-57.373047
2025-08-25T10:21:54.897351+00:00,5883212,-248.901367,-328.24707,-22.766113
2025-08-25T10:21:56.897423+00:00,5885212,-167.358398,-234.069824,236.572266
2025-08-25T10:21:58.897499+00:00,5887212,-73.608398,-52.001953,76.965332
2025-08-25T10:22:00.897595+00:00,5889212,-155.883789,-262.634277,126.77002
2025-08-25T10:22:02.897478+00:00,5891212,120.97168,287.536621,24.536133
2025-08-25T10:22:04.897593+00:00,5893212,-248.779297,-393.859863,90.881348
2025-08-25T10:22:06.897630+00:00,5895212,190.124512,259.155273,-24.597168
2025-08-25T10:22:08.897620+00:00,5897212,120.056152,123.168945,60.36377
2025-08-25T10:22:10.897582+00:00,5899212,-13.183594,60.48584,-54.6875
2025-08-25T10:22:12.897700+00:00,5901212,350.585937,354.675293,-159.423828
2025-08-25T10:22:14.897513+00:00,5903212,49.01123,2.807617,27.099609
2025-08-25T10:22:16.897762+00:00,5905212,-334.228516,-456.970215,59.631348
2025-08-25T10:22:18.897736+00:00,5907212,289.428711,469.055176,-8.544922
2025-08-25T10:22:20.897817+00:00,5909212,-348.205566,-539.489746,69.091797
2025-08-25T10:22:22.897811+00:00,5911212,235.229492,577.575684,-93.261719
2025-08-25T10:22:24.897932+00:00,5913212,270.507812,437.316895,-123.840332
2025-08-25T10:22:26.897739+00:00,5915212,-312.805176,-466.97998,19.53125
2025-08-25T10:22:28.897891+00:00,5917212,170.227051,652.832031,-111.083984
2025-08-25T10:22:30.897797+00:00,5919212,119.567871,204.223633,-21.240234
2025-08-25T10:22:32.897892+00:00,5921212,-263.73291,-485.046387,31.921387
2025-08-25T10:22:34.897853+00:00,5923212,186.767578,725.952148,-186.828613
2025-08-25T10:22:36.897783+00:00,5925212,151.123047,468.811035,-69.458008
2025-08-25T10:22:38.897980+00:00,5927212,-323.669434,-760.925293,206.298828
2025-08-25T10:22:40.898542+00:00,5929212,262.145996,571.350098,-75.378418
2025-08-25T10:22:42.899809+00:00,5931212,-247.680664,-601.44043,146.362305
2025-08-25T10:22:44.898015+00:00,5933212,236.083984,564.27002,-289.489746
2025-08-25T10:22:46.897869+00:00,5935212,10.864258,106.933594,-13.366699
2025-08-25T10:22:48.898093+00:00,5937212,-209.04541,-452.697754,278.625488
2025-08-25T10:22:50.897984+00:00,5939212,329.467773,451.293945,-229.248047
2025-08-25T10:22:52.898094+00:00,5941212,-103.393555,-133.300781,21.850586
2025-08-25T10:22:54.898137+00:00,5943212,-181.45752,-301.086426,189.697266
2025-08-25T10:22:56.898223+00:00,5945212,272.888184,298.76709,-313.720703
2025-08-25T10:22:58.898187+00:00,5947212,145.874023,423.828125,-72.753906
2025-08-25T10:23:00.898394+00:00,5949212,-235.656738,-767.51709,306.335449
2025-08-25T10:23:02.898190+00:00,5951212,230.224609,528.991699,-202.392578
2025-08-25T10:23:04.898230+00:00,5953212,-140.563965,-414.978027,48.522949
2025-08-25T10:23:06.898148+00:00,5955212,-178.100586,-410.522461,67.687988
2025-08-25T10:23:08.898268+00:00,5957212,-199.890137,-400.085449,112.915039
2025-08-25T10:23:10.898239+00:00,5959212,180.725098,552.490234,-168.395996
2025-08-25T10:23:12.898236+00:00,5961212,157.165527,254.577637,-44.921875
2025-08-25T10:23:14.898281+00:00,5963212,50.598145,69.519043,-80.566406
2025-08-25T10:23:16.898208+00:00,5965212,-168.334961,-358.947754,72.937012
2025-08-25T10:23:18.898307+00:00,5967212,223.205566,623.352051,-160.339355
2025-08-25T10:23:20.898382+00:00,5969212,-243.652344,-545.471191,76.599121
2025-08-25T10:23:22.898268+00:00,5971212,194.946289,498.718262,-91.674805
2025-08-25T10:23:24.898278+00:00,5973212,-277.648926,-561.584473,135.192871
2025-08-25T10:23:26.898329+00:00,5975212,279.541016,479.553223,-113.464355
2025-08-25T10:23:28.898379+00:00,5977212,-248.352051,-560.241699,146.240234
2025-08-25T10:23:30.898244+00:00,5979212,218.383789,581.359863,-138.366699
2025-08-25T10:23:32.898310+00:00,5981212,-284.179687,-810.302734,313.842773
2025-08-25T10:23:34.898409+00:00,5983212,185.48584,464.355469,-200.683594
2025-08-25T10:23:36.898397+00:00,5985212,-158.630371,-739.501953,376.159668
2025-08-25T10:23:38.898197+00:00,5987212,246.765137,274.902344,-80.932617
2025-08-25T10:23:40.898432+00:00,5989212,-288.635254,-584.838867,-45.776367
2025-08-25T10:23:42.898390+00:00,5991212,219.360352,348.022461,-10.681152
2025-08-25T10:23:44.898332+00:00,5993212,120.666504,215.270996,-82.824707
2025-08-25T10:23:46.898305+00:00,5995212,212.95166,344.543457,-98.327637
2025-08-25T10:23:48.898315+00:00,5997212,-331.542969,-528.686523,5.737305
2025-08-25T10:23:50.898478+00:00,5999212,234.802246,421.203613,-49.743652
2025-08-25T10:23:52.898466+00:00,6001212,-54.382324,-18.676758,3.723145
2025-08-25T10:23:54.898620+00:00,6003212,14.953613,3.295898,-70.617676
2025-08-25T10:23:56.898207+00:00,6005212,2.13623,2.380371,-0.915527
2025-08-25T10:23:58.898341+00:00,6007212,-0.488281,0.305176,-0.671387
2025-08-25T10:24:00.898613+00:00,6009212,1.831055,-1.098633,2.563477
2025-08-25T10:24:02.898357+00:00,6011212,0.488281,-0.610352,-0.610352
2025-08-25T10:24:04.898532+00:00,6013212,0.183105,0.12207,-0.488281
2025-08-25T10:24:06.898506+00:00,6015212,34.484863,-33.203125,48.034668
2025-08-25T10:24:08.898439+00:00,6017212,-0.12207,0.427246,-0.488281
2025-08-25T10:24:10.898460+00:00,6019212,-1.89209,0.12207,1.037598
2025-08-25T10:24:12.898595+00:00,6021212,0.976562,0.061035,1.220703
2025-08-25T10:24:14.898657+00:00,6023212,-4.089355,11.901855,-20.080566
2025-08-25T10:24:16.898477+00:00,6025212,0.12207,0.305176,-0.488281
2025-08-25T10:24:18.898451+00:00,6027212,0.0,0.061035,-0.366211
2025-08-25T10:24:20.898660+00:00,6029212,-0.12207,0.12207,-0.305176
2025-08-25T10:24:22.898446+00:00,6031212,0.183105,0.0,-0.366211
2025-08-25T10:24:24.898448+00:00,6033212,-0.671387,-0.183105,-2.075195
2025-08-25T10:24:26.898569+00:00,6035212,-0.305176,1.281738,-0.915527
2025-08-25T10:24:28.898589+00:00,6037212,3.601074,-0.305176,2.502441
2025-08-25T10:24:30.898687+00:00,6039212,-0.12207,0.0,-0.244141
2025-08-25T10:24:32.898682+00:00,6041212,-0.061035,0.183105,-0.366211
2025-08-25T10:24:34.898652+00:00,6043212,0.061035,0.061035,-0.244141
2025-08-25T10:24:36.898542+00:00,6045212,0.0,0.061035,-0.305176
2025-08-25T10:24:38.898651+00:00,6047212,0.0,0.061035,-0.488281
2025-08-25T10:24:40.898599+00:00,6049212,0.976562,0.732422,-0.305176
2025-08-25T10:24:42.898532+00:00,6051212,-0.061035,0.0,-0.244141
2025-08-25T10:24:44.898660+00:00,6053212,0.061035,0.12207,-0.366211
2025-08-25T10:24:46.898622+00:00,6055212,-3.356934,1.586914,-15.930176
2025-08-25T10:24:48.898773+00:00,6057212,-0.732422,-0.549316,-1.953125
2025-08-25T10:24:50.898614+00:00,6059212,-0.061035,0.12207,-0.12207
2025-08-25T10:24:52.898517+00:00,6061212,-0.061035,-1.281738,-3.540039
2025-08-25T10:24:54.898532+00:00,6063212,-0.183105,-0.12207,-0.793457
2025-08-25T10:24:56.898391+00:00,6065212,-0.061035,1.037598,0.976562
2025-08-25T10:24:58.898860+00:00,6067212,-10.192871,1.586914,-10.131836
2025-08-25T10:25:00.898421+00:00,6069212,0.0,0.183105,-1.403809
2025-08-25T10:25:02.898621+00:00,6071212,-5.79834,-0.671387,-3.78418
2025-08-25T10:25:04.898453+00:00,6073212,3.90625,0.793457,-2.01416
2025-08-25T10:25:06.898634+00:00,6075212,-2.319336,-0.061035,-3.540039
2025-08-25T10:25:08.898371+00:00,6077212,0.0,0.366211,-0.244141
2025-08-25T10:25:10.898370+00:00,6079212,-17.089844,-0.610352,-35.766602
2025-08-25T10:25:12.898258+00:00,6081212,0.12207,0.061035,-0.305176
2025-08-25T10:25:14.898255+00:00,6083212,0.244141,0.549316,-0.244141
2025-08-25T10:25:16.898464+00:00,6085212,-0.061035,0.12207,-0.488281
2025-08-25T10:25:18.898443+00:00,6087212,-0.12207,0.183105,-0.366211
2025-08-25T10:25:20.898414+00:00,6089212,-0.244141,0.610352,0.366211
2025-08-25T10:25:22.898315+00:00,6091212,-0.061035,0.12207,-0.366211
2025-08-25T10:25:24.898249+00:00,6093212,0.061035,0.305176,-0.427246
2025-08-25T10:25:26.898220+00:00,6095212,0.0,0.12207,-0.366211
2025-08-25T10:25:28.898162+00:00,6097212,-0.061035,0.061035,-0.366211
2025-08-25T10:25:30.898247+00:00,6099212,0.0,0.061035,-0.488281
2025-08-25T10:25:32.898178+00:00,6101212,-0.366211,-0.549316,-0.061035
2025-08-25T10:25:34.898204+00:00,6103212,0.305176,0.915527,-0.305176
2025-08-25T10:25:36.898176+00:00,6105212,-0.183105,0.183105,-0.305176
2025-08-25T10:25:38.898232+00:00,6107212,-1.098633,-0.488281,-0.915527
2025-08-25T10:25:40.898118+00:00,6109212,0.305176,-0.427246,-0.854492
2025-08-25T10:25:42.898134+00:00,6111212,0.12207,0.061035,-0.305176
2025-08-25T10:25:44.898087+00:00,6113212,95.88623,-85.388184,-63.598633
